round,mean_update_norm,max_update_norm,norm_ratio_max_min,mean_pairwise_cosine,min_pairwise_cosine,frac_negative_cosine
1,1.7685118913650513,3.5921576023101807,3.491538409040374,0.15791819913466618,0.007413014303892851,0.0
2,1.6570691359348786,3.436582565307617,3.3996098274979043,0.04286908916102701,-0.09104297310113907,0.12287712287712288
3,1.6484606441779015,3.317504644393921,3.326187672704544,0.025952950035029117,-0.10556869208812714,0.25308025308025306
4,1.6477547960403638,3.2769014835357666,3.2733166265668547,0.022887742954108406,-0.13364198803901672,0.29537129537129536
5,1.6507634291282067,3.3097002506256104,3.2610224827239835,0.022866862319558603,-0.12201117724180222,0.3203463203463203
6,1.6507164346866119,3.273446798324585,3.2692019763081137,0.02343745091124976,-0.13292691111564636,0.3013653013653014
7,1.6415768617238753,3.2251060009002686,3.2127473183612585,0.018637452092194976,-0.1386735886335373,0.325008325008325
8,1.6491412749657264,3.303481101989746,3.2508302274710066,0.023164260871065313,-0.12327601760625839,0.3016983016983017
9,1.6502330532440772,3.332298755645752,3.287064147223081,0.01933708104936914,-0.15072041749954224,0.33932733932733933
10,1.6576606524296296,3.2830898761749268,3.20783698179595,0.021008001887922144,-0.13126325607299805,0.31934731934731936
11,1.6550665268531213,3.3250086307525635,3.315323434343098,0.019435941911825013,-0.14761990308761597,0.33233433233433235
12,1.6547430386910071,3.2924916744232178,3.204415596108027,0.019221931522099542,-0.11910872906446457,0.32667332667332666
13,1.6642352434305043,3.3555335998535156,3.2556801838006053,0.02021520129081962,-0.12373784184455872,0.3473193473193473
14,1.6637557637997162,3.2933809757232666,3.1823930103398554,0.018620373260277587,-0.1478840559720993,0.328005328005328
15,1.661042760580014,3.309452533721924,3.210315026407156,0.015494841427023653,-0.15107710659503937,0.3563103563103563
16,1.675138036410014,3.3508849143981934,3.306658215703311,0.01710829606210271,-0.13227978348731995,0.34498834498834496
17,1.6707024910511115,3.293173313140869,3.1976946619315947,0.017382418903427736,-0.1373281627893448,0.35298035298035296
18,1.6775810856085558,3.322967290878296,3.3069874363265637,0.017048335860283308,-0.1599016636610031,0.36396936396936397
19,1.6769198973973591,3.3195557594299316,3.2524712294821465,0.017555116902413674,-0.13578657805919647,0.3443223443223443
20,1.6816952152129931,3.2631397247314453,3.130970323769911,0.01671878209855342,-0.18610379099845886,0.3596403596403596
21,1.6826631763042548,3.3004438877105713,3.227445350162071,0.01712344850746233,-0.15574544668197632,0.3563103563103563
22,1.6932867429195306,3.2876291275024414,3.274084501925668,0.01578884836063991,-0.14861299097537994,0.36896436896436896
23,1.6962746641574762,3.3358817100524902,3.2034664663160073,0.015709543017314975,-0.2154942899942398,0.3682983682983683
24,1.6978101883179102,3.360368490219116,3.227504810547,0.016165571898698605,-0.17612324655056,0.3702963702963703
25,1.7006988938038166,3.3057925701141357,3.204733497227653,0.016428669694153287,-0.1652960330247879,0.37129537129537127
26,1.7087985964921804,3.415325880050659,3.3673181790187448,0.017942930714866898,-0.15760643780231476,0.3563103563103563
27,1.707405374600337,3.3140714168548584,3.2324126724822033,0.015361276630293567,-0.1424405574798584,0.36663336663336665
28,1.7115564346313477,3.3083035945892334,3.1518432767830555,0.016313379570935253,-0.1717526614665985,0.3682983682983683
29,1.7184491126965253,3.3659050464630127,3.2678615036585597,0.016554678524535283,-0.1495346575975418,0.36097236097236096
30,1.7223573235365062,3.3791022300720215,3.2831422488684288,0.017885966543933682,-0.15508578717708588,0.348984348984349
31,1.72543127873005,3.4863743782043457,3.3531256735871295,0.014735119393085644,-0.18878315389156342,0.37462537462537465
32,1.7240571226829138,3.3987667560577393,3.4233960359292466,0.01471165402919,-0.20133835077285767,0.3692973692973693
33,1.7307926492813306,3.359624147415161,3.248621363789359,0.014822167755637107,-0.1539877951145172,0.36796536796536794
34,1.7300975903486595,3.452265501022339,3.356255465126049,0.0155747709484866,-0.16916023194789886,0.36663336663336665
35,1.7350873045432262,3.428802251815796,3.3663700047587937,0.01490733307288904,-0.1535351425409317,0.37162837162837165
36,1.7413315375645955,3.4749112129211426,3.270237193061184,0.014247655693796898,-0.16166400909423828,0.364968364968365
37,1.7420361164288642,3.3510422706604004,3.3525925524844036,0.014954595765692767,-0.15259692072868347,0.350982350982351
38,1.7480775469388716,3.4176390171051025,3.2257369605072386,0.015596751681003633,-0.1828540563583374,0.3653013653013653
39,1.7465837246332414,3.40437650680542,3.229116479055222,0.014280720947884623,-0.15518422424793243,0.37096237096237095
40,1.7477132907280555,3.5196917057037354,3.337013031561309,0.013885138871260186,-0.16398224234580994,0.36796536796536794
