precision,recall
0.09756641112497771,1.0
0.09775812790282244,1.0
0.09795059960622875,1.0
0.09809899569583931,0.9995431703974418
0.09829290206648697,0.9995431703974418
0.09848757652142599,0.9995431703974418
0.09868302363341151,0.9995431703974418
0.09883405639913233,0.9990863407948835
0.09903097264988227,0.9990863407948835
0.09922867513611615,0.9990863407948835
0.09942716857610474,0.9990863407948835
0.09962645772594753,0.9990863407948835
0.09982654737995253,0.9990863407948835
0.10002744237102086,0.9990863407948835
0.10022914757103575,0.9990863407948835
0.10038574577516532,0.9986295111923252
0.10058899318976625,0.9986295111923252
0.10079306528956104,0.9986295111923252
0.1009979671040473,0.9986295111923252
0.1012037037037037,0.9986295111923252
0.10141028020040824,0.9986295111923252
0.10161770174786165,0.9986295111923252
0.10177939258431154,0.998172681589767
0.10198842419716206,0.998172681589767
0.10219831618334893,0.998172681589767
0.10240907386576678,0.998172681589767
0.10262070261130941,0.998172681589767
0.1028332078313253,0.998172681589767
0.10304659498207885,0.998172681589767
0.10326086956521739,0.998172681589767
0.10347603712824399,0.998172681589767
0.1036921032649962,0.998172681589767
0.10386151797603196,0.9977158519872088
0.1040316431566908,0.9972590223846505
0.10425023877745941,0.9972590223846505
0.1044697549770291,0.9972590223846505
0.10469019758296566,0.9972590223846505
0.10491157247212611,0.9972590223846505
0.10513388557118089,0.9972590223846505
0.10535714285714286,0.9972590223846505
0.10558135035790288,0.9972590223846505
0.1058065141527724,0.9972590223846505
0.10603264037303284,0.9972590223846505
0.10616755099060507,0.996345363179534
0.10639543392360604,0.996345363179534
0.10662429723783916,0.996345363179534
0.10680515408358238,0.9958885335769758
0.10703589139293956,0.9958885335769758
0.1072676278108547,0.9958885335769758
0.10750036984072193,0.9958885335769758
0.10773412404250061,0.9958885335769758
0.10796889703333168,0.9958885335769758
0.10815506030674542,0.9954317039744175
0.10834203850171616,0.9949748743718593
0.10857968991475149,0.9949748743718593
0.10881838621034225,0.9949748743718593
0.10905813429472735,0.9949748743718593
0.10929894113514327,0.9949748743718593
0.10954081376049891,0.9949748743718593
0.1097333534956399,0.9945180447693011
0.10997726698661278,0.9945180447693011
0.11012100653131487,0.9936043855641845
0.11036687471456842,0.9936043855641845
0.11061384325891267,0.9936043855641845
0.11086191956776593,0.9936043855641845
0.11106002554278416,0.9931475559616263
0.11131022477087707,0.9931475559616263
0.1115615538564171,0.9931475559616263
0.1117625880779715,0.9926907263590681
0.11191298520542296,0.9917770671539515
0.11216739860501163,0.9917770671539515
0.1124229713634716,0.9917770671539515
0.11267971142367779,0.9917770671539515
0.1129376268012277,0.9917770671539515
0.11319672558527556,0.9917770671539515
0.1134570159393781,0.9917770671539515
0.11371850610235189,0.9917770671539515
0.1139287026828372,0.9913202375513933
0.11419249592169657,0.9913202375513933
0.11445751358193998,0.9913202375513933
0.11472376420830029,0.9913202375513933
0.11499125642520269,0.9913202375513933
0.11525999893769587,0.9913202375513933
0.11547676090081456,0.9908634079488351
0.11574790543785687,0.9908634079488351
0.11602032629045199,0.9908634079488351
0.11629403249155541,0.9908634079488351
0.11651528994464448,0.9904065783462769
0.11673759629370252,0.9899497487437185
0.11701495761110212,0.9899497487437185
0.1172936400541272,0.9899497487437185
0.11757365308447724,0.9899497487437185
0.11774623375210747,0.9890360895386021
0.11802867578912937,0.9890360895386021
0.11820318050166675,0.9881224303334856
0.11848808545603944,0.9881224303334856
0.11877436714073912,0.9881224303334856
0.11906203555898057,0.9881224303334856
0.11935110081112399,0.9881224303334856
0.11964819117158977,0.9881224303334856
0.11994011311966286,0.9881224303334856
0.12023346303501946,0.9881224303334856
0.12052825142092946,0.9881224303334856
0.12082448888392358,0.9881224303334856
0.1210661888229365,0.9876656007309274
0.12119681149657573,0.9862951119232526
0.12139118689853115,0.9853814527181362
0.12169252468265163,0.9853814527181362
0.12199536225326622,0.9853814527181362
0.12229971083517605,0.9853814527181362
0.12260558176547491,0.9853814527181362
0.12291298649495698,0.9853814527181362
0.12322193658954585,0.9853814527181362
0.12347517324322776,0.9849246231155779
0.12378710455302291,0.9849246231155779
0.12393506792539719,0.9835541343079032
0.12413434903047091,0.9826404751027866
0.12445035871326082,0.9826404751027866
0.12476798143851509,0.9826404751027866
0.12502907652942544,0.9821836455002284
0.12529151119402984,0.9817268158976702
0.12555529576806174,0.981269986295112
0.1258790436005626,0.981269986295112
0.12609436512133498,0.9803563270899954
0.12642120765832107,0.9803563270899954
0.12674974898115882,0.9803563270899954
0.12708000236868597,0.9803563270899954
0.12729323754675534,0.979442667884879
0.127567117090303,0.9789858382823207
0.12784243509400178,0.9785290086797624
0.12817904374364192,0.9785290086797624
0.12845743085138298,0.9780721790772042
0.1287974493172111,0.9780721790772042
0.12901863803606972,0.9771585198720877
0.12936195947989115,0.9771585198720877
0.1296464738342126,0.9767016902695295
0.12993251048823493,0.9762448606669712
0.13022008169237334,0.9757880310644129
0.1304480713980072,0.9748743718592965
0.13079987741342322,0.9748743718592965
0.13115358613484113,0.9748743718592965
0.1314475873544093,0.9744175422567383
0.1317431872953099,0.9739607126541799
0.13204039903339737,0.9735038830516217
0.13240136688412552,0.9735038830516217
0.13276431374992212,0.9735038830516217
0.13312925595052164,0.9735038830516217
0.13337092025308525,0.9725902238465053
0.13355110245618443,0.9712197350388305
0.13385826771653545,0.9707629054362723
0.13410397321710568,0.9698492462311558
0.13435104833090517,0.9689355870260393
0.13459950454170108,0.9680219278209228
0.13497675011147206,0.9680219278209228
0.135228361545832,0.9671082686158063
0.13560950611748127,0.9671082686158063
0.13600154182191956,0.9671082686158063
0.13632263883520165,0.966651439013248
0.1366455614420468,0.9661946094106898
0.13697032525592848,0.9657377798081316
0.1373619233268356,0.9657377798081316
0.13769060341457057,0.9652809502055734
0.1380865246373023,0.9652809502055734
0.13841918993314983,0.964824120603015
0.1387537794136979,0.9643672910004568
0.13895847066578773,0.962996802192782
0.13936268676451144,0.962996802192782
0.13957960347457066,0.9616263133851074
0.13992152690031257,0.9611694837825491
0.1403321550056693,0.9611694837825491
0.14061141213459094,0.9602558245774326
0.14102650117410265,0.9602558245774326
0.14137675795706883,0.9597989949748744
0.14172909495849362,0.9593421653723161
0.1421512218235971,0.9593421653723161
0.14250797745943378,0.9588853357697579
0.14279877425944842,0.9579716765646414
0.1431596202445188,0.9575148469620831
0.1435911488662054,0.9575148469620831
0.1439565725280011,0.9570580173595249
0.1443242125577228,0.9566011877569667
0.1447632215693052,0.9566011877569667
0.14520490950696902,0.9566011877569667
0.14564930096682202,0.9566011877569667
0.14609642084699645,0.9566011877569667
0.14654629435229896,0.9566011877569667
0.14692874692874694,0.9561443581544085
0.14717273431448488,0.9547738693467337
0.14755951119587482,0.9543170397441755
0.14780698646637852,0.9529465509365007
0.14819816618096524,0.9524897213339424
0.14859180035650624,0.9520328917313842
0.14891638652456907,0.9511192325262677
0.1493147736241659,0.9506624029237094
0.14978766285179587,0.9506624029237094
0.15011914217633043,0.949748743718593
0.15045273451647953,0.9488350845134764
0.1509337984158128,0.9488350845134764
0.1513450462929212,0.9483782549109182
0.15183207781759672,0.9483782549109182
0.1522488810624404,0.94792142530836
0.152741994847258,0.94792142530836
0.15316446348127907,0.9474645957058018
0.15351559605838336,0.9465509365006852
0.15401769122128894,0.9465509365006852
0.15437392795883362,0.9456372772955688
0.15480733258511037,0.9451804476930105
0.15494332257338037,0.9428962996802193
0.15545680500112977,0.9428962996802193
0.1558225648001209,0.9419826404751028
0.15634240655091364,0.9419826404751028
0.15678965386078356,0.9415258108725445
0.1572399053507366,0.9410689812699863
0.15769319139159071,0.9406121516674281
0.158072696534235,0.9396984924623115
0.15845477677538747,0.9387848332571951
0.15891682785299807,0.9383280036546369
0.15938203555624564,0.9378711740520785
0.1596946327023448,0.9365006852444039
0.16008754787774565,0.9355870260392873
0.16056161267550395,0.9351301964367291
0.16080283353010627,0.9333028780264961
0.16104573098491431,0.9314755596162632
0.16160735515574226,0.9314755596162632
0.16209337469179988,0.9310187300137049
0.16258280788570517,0.9305619004111466
0.1631557869443332,0.9305619004111466
0.16366559485530546,0.9301050708085884
0.16400451758631818,0.9287345820009136
0.1645077720207254,0.9282777523983554
0.1648521286967826,0.9269072635906807
0.16536203522504891,0.9264504339881224
0.16597102872575498,0.9264504339881224
0.1664887063655031,0.9259936043855642
0.16701013931250516,0.9255367747830059
0.16753536857781087,0.9250799451804477
0.16806443577181765,0.9246231155778895
0.16852808801466912,0.9237094563727729
0.16914840220846578,0.9237094563727729
0.16943744752308984,0.9218821379625399
0.1700657340300017,0.9218821379625399
0.1705295212316021,0.9209684787574235
0.17108167770419427,0.9205116491548653
0.17155275268450657,0.9195979899497487
0.17211291702309667,0.9191411603471905
0.17259144770736734,0.918227501142074
0.1731598000344768,0.9177706715395157
0.17381899982695967,0.9177706715395157
0.17422268542643737,0.916400182731841
0.17471665213600698,0.9154865235267245
0.17538946262909155,0.9154865235267245
0.17580390089615183,0.9141160347190498
0.1763979537837361,0.9136592051164916
0.17699663538161856,0.9132023755139334
0.1776,0.912745545911375
0.1782081028020703,0.9122887163088168
0.17864182046228275,0.910918227501142
0.17916891527253104,0.9100045682960256
0.1797001986635362,0.9090909090909091
0.18032638259292838,0.9086340794883508
0.18104860731840525,0.9086340794883508
0.18168524949734965,0.9081772498857926
0.1823270324830244,0.9077204202832344
0.18297401879491432,0.9072635906806761
0.18353376503237742,0.9063499314755596
0.18409808656882778,0.9054362722704431
0.1847603059130759,0.9049794426678849
0.18542798276830869,0.9045226130653267
0.185913108895994,0.9031521242576519
0.18630783758262512,0.9013248058474189
0.18699032808647828,0.9008679762448607
0.18767853742144353,0.9004111466423024
0.1884681583476764,0.9004111466423024
0.18888035337046283,0.8985838282320694
0.1892960462873674,0.8967565098218364
0.19000581057524696,0.8962996802192782
0.1906243921416067,0.8953860210141618
0.19134596600898612,0.8949291914116034
0.1918775750441436,0.8935587026039288
0.19262981574539365,0.8931018730013704
0.19327065809005442,0.892188213796254
0.19381771195706193,0.8908177249885793
0.19456923230508136,0.890360895386021
0.19502657174370802,0.888533576975788
0.19568939470238694,0.8876199177706715
0.19635811836115327,0.8867062585655551
0.19703282186769638,0.8857925993604385
0.19781565785444524,0.8853357697578803
0.19850302471034553,0.8844221105527639
0.19919662169121433,0.8835084513476473
0.19979306777030523,0.8821379625399726
0.20049890863735578,0.8812243033348561
0.20100240158713584,0.8793969849246231
0.2017203398720235,0.8784833257195066
0.20191801032774792,0.8752855185015989
0.20264690312334568,0.8743718592964824
0.20316987554515478,0.8725445408862494
0.20391151009939082,0.8716308816811329
0.2044453989047568,0.8698035632708999
0.20498435645700722,0.8679762448606669
0.20585365853658535,0.8675194152581087
0.206731292887485,0.8670625856555505
0.20707015431760972,0.864321608040201
0.20785219399538107,0.8634079488350845
0.20853132942866615,0.8620374600274098
0.20943920044419767,0.8615806304248516
0.21046758174310903,0.8615806304248516
0.21105753055960524,0.8597533120146186
0.21176603178181,0.8583828232069438
0.2127081209650017,0.8579259936043856
0.21320432555492316,0.8556418455915943
0.21370552568356024,0.8533576975788031
0.21444176152696331,0.8519872087711283
0.21530105165838437,0.8510735495660119
0.21616912533395283,0.8501598903608953
0.21704611792177467,0.8492462311557789
0.2179321675859641,0.8483325719506624
0.21859148283590893,0.8465052535404294
0.21961342345547255,0.8460484239378712
0.22055317119694803,0.8451347647327547
0.2214765100671141,0.8442211055276382
0.22228915662650603,0.8428506167199634
0.22311046511627908,0.8414801279122888
0.22369702873843156,0.8391959798994975
0.22490205680705191,0.8391959798994975
0.22538158542589856,0.836455002284148
0.22623762376237624,0.8350845134764733
0.2269785963165754,0.8332571950662403
0.2276026026026026,0.8309730470534491
0.228610971313538,0.8300593878483326
0.22950404858299595,0.8286888990406578
0.23053435114503817,0.8277752398355414
0.23144831115660183,0.8264047510278666
0.2322439526505404,0.8245774326176336
0.23266045548654243,0.8213796253997259
0.23334200937011973,0.8190954773869347
0.23455497382198953,0.8186386477843764
0.23525539757767247,0.8163544997715853
0.2363612288135593,0.8154408405664687
0.2372136387852957,0.8136135221562357
0.23807609860664522,0.8117862037460027
0.23908355795148248,0.810415714938328
0.24010303687635576,0.8090452261306532
0.24127114020731041,0.8081315669255368
0.24231613611416025,0.806761078117862
0.2428216454997239,0.8035632708999543
0.2436111111111111,0.8012791228871631
0.24441028507546114,0.7989949748743719
0.24507874015748032,0.7962539972590224
0.24589700056593095,0.7939698492462312
0.2467255125284738,0.79168570123344
0.24713467048710602,0.788031064412974
0.24870242214532873,0.788031064412974
0.24956471271038885,0.7857469164001827
0.2508761682242991,0.7848332571950662
0.2514697236919459,0.7816354499771585
0.2523668639053254,0.7793513019643673
0.2531268612269208,0.7766103243490178
0.25434652278177455,0.7752398355413431
0.2555823777911889,0.7738693467336684
0.257138517618469,0.7734125171311101
0.2581039755351682,0.7711283691183188
0.2592364532019704,0.7693010507080859
0.26038437693738375,0.7674737322978529
0.2615480649188514,0.7656464138876199
0.2630421118793212,0.7647327546825035
0.26376582278481014,0.7615349474645957
0.2652963671128107,0.7606212882594792
0.2658857509627728,0.7569666514390132
0.2664835164835165,0.7533120146185472
0.2677408854166667,0.7514846962083143
0.26934426229508196,0.7505710370031978
0.2705202312138728,0.7482868889904066
0.27221297836938435,0.7473732297852901
0.27355011733154544,0.7455459113750571
0.2747382640999662,0.7432617633622659
0.2757740728138823,0.7405207857469164
0.27699691463832704,0.7382366377341252
0.2784110535405872,0.7364093193238922
0.28019491820396797,0.7354956601187757
0.2813048053314626,0.7327546825034262
0.28243195475433014,0.7300137048880767
0.28428927680798005,0.7291000456829603
0.28581687612208256,0.7272727272727273
0.28773072747014117,0.7263590680676107
0.2893104706311565,0.7245317496573778
0.29128356013240164,0.7236180904522613
0.29236188357434184,0.7204202832343536
0.29345794392523367,0.7172224760164458
0.29494911421032793,0.7149383280036546
0.2958950969213227,0.7112836911831887
0.29685703334610963,0.7076290543627227
0.2980286045612679,0.704431247144815
0.2994152046783626,0.7016902695294656
0.3008257963035785,0.698949291914116
0.3022610075366918,0.6962083142987665
0.30392156862745096,0.6939241662859753
0.3054097698829229,0.6911831886706259
0.30672097759674133,0.6879853814527181
0.3078503904644472,0.6843307446322522
0.30982994608046455,0.6825034262220192
0.3112180828798661,0.6793056190041115
0.31305449936628643,0.6770214709913203
0.3140724946695096,0.672910004568296
0.3157554885923375,0.6701690269529466
0.31747066492829207,0.667428049337597
0.31878016673979814,0.6637734125171311
0.3201151971643775,0.6601187756966651
0.32102908277404923,0.6555504796710827
0.3226389516493448,0.652352672453175
0.32405294386125055,0.648698035632709
0.3243430152143845,0.6427592507994518
0.3255705635770843,0.6386477843764276
0.3270588235294118,0.6349931475559616
0.32976699952448885,0.6336226587482869
0.33133109082172035,0.629968021927821
0.33365711510441964,0.6276838739150297
0.33505154639175255,0.6235724074920055
0.3369727047146402,0.6203746002740977
0.33943803311590565,0.6180904522613065
0.34145104008117705,0.6148926450433988
0.34325295023088764,0.6112380082229328
0.34457706279190453,0.6066697121973504
0.3467191601049869,0.6034719049794427
0.34891131173659057,0.600274097761535
0.35115529285330466,0.5970762905436272
0.35345296356715605,0.5938784833257195
0.35608145294441385,0.59113750571037
0.3584958217270195,0.5879396984924623
0.3598420755781162,0.5829145728643216
0.36293546544831523,0.5806304248515304
0.3649508386350492,0.5765189584285062
0.3667252489748096,0.5719506624029237
0.3700296735905044,0.5696665143901325
0.3719182200841852,0.56509821836455
0.37385740402193784,0.5605299223389676
0.37708462013588634,0.5577889447236181
0.3800876643706951,0.5545911375057103
0.3825396825396825,0.5504796710826861
0.38570508692852545,0.5472818638647784
0.3879817112998041,0.542713567839196
0.390987408880053,0.53905893101873
0.3937457969065232,0.5349474645957059
0.3948805460750853,0.5285518501598904
0.39604989604989604,0.5221562357240749
0.39901477832512317,0.5180447693010507
0.4013581129378127,0.51301964367291
0.4048656499636892,0.509365006852444
0.4088560885608856,0.5061671996345363
0.41147786946736686,0.5011420740063957
0.41304347826086957,0.49474645957058017
0.4142746314972847,0.48789401553220646
0.4159431728492502,0.481498401096391
0.42088353413654617,0.47875742348104156
0.42518397383483236,0.4751027866605756
0.42964196502914237,0.47144814984010963
0.43341815097540287,0.4668798538145272
0.4347450302506482,0.45957058017359526
0.4365638766519824,0.45271813613522155
0.44025157232704404,0.4476930105070809
0.4454628780934922,0.4440383736866149
0.44948550046772684,0.4390132480584742
0.4512893982808023,0.43170397441754227
0.4575609756097561,0.4285061671996345
0.4596211365902293,0.4211968935587026
0.463302752293578,0.4152581087254454
0.46611053180396245,0.40840566468707173
0.47171824973319104,0.4038373686614893
0.4748633879781421,0.3969849246231156
0.48040313549832026,0.39195979899497485
0.48679678530424797,0.3873915029693924
0.4929328621908127,0.38236637734125173
0.4987908101571947,0.3768844221105528
0.5031055900621118,0.3700319780721791
0.5089399744572158,0.36409319323892186
0.514454664914586,0.35769757880310643
0.5216508795669824,0.3522156235724075
0.5285913528591353,0.34627683873915027
0.5345323741007194,0.3394243947007766
0.537147102526003,0.3302878026496117
0.543778801843318,0.323435358611238
0.5516693163751988,0.3170397441754226
0.5543657331136738,0.3074463225216994
0.558974358974359,0.2987665600730927
0.5603907637655418,0.2882594792142531
0.5683918669131238,0.2809502055733212
0.5684007707129094,0.269529465509365
0.5694164989939637,0.25856555504796713
0.5789473684210527,0.25125628140703515
0.5949227373068433,0.24623115577889448
0.6032482598607889,0.2375513933302878
0.6112469437652812,0.2284148012791229
0.624031007751938,0.2206486980356327
0.6315068493150685,0.2105984467793513
0.6428571428571429,0.2014618547281864
0.6464174454828661,0.189584285061672
0.6555183946488294,0.17907720420283235
0.6498194945848376,0.16445865692096848
0.6803921568627451,0.1585198720877113
0.6974248927038627,0.14846962083142987
0.7061611374407583,0.13613522156235724
0.7275132275132276,0.12562814070351758
0.718562874251497,0.10963910461397898
0.7310344827586207,0.0968478757423481
0.7601626016260162,0.08542713567839195
0.7772277227722773,0.07172224760164458
0.8037974683544303,0.058017359524897213
0.8070175438596491,0.04202832343535861
0.8285714285714286,0.026496116948378255
0.9230769230769231,0.0109639104613979
