fpr,tpr,threshold
0.0,0.0,inf
9.878006618264434e-05,0.01644586569209685,0.8653155565261841
0.0002469501654566109,0.021014161717679305,0.8514755964279175
0.0005432903640045438,0.02512562814070352,0.8290935158729553
0.0007408504963698325,0.03243490178163545,0.8093154430389404
0.0009384106287351212,0.04020100502512563,0.7863643765449524
0.00113597076110041,0.04659661946094107,0.7715933918952942
0.0013335308934656986,0.05070808588396528,0.7465598583221436
0.001481700992739665,0.05527638190954774,0.738247275352478
0.0016298710920136317,0.06441297396071266,0.7182713150978088
0.0019262112905615648,0.06669712197350389,0.7095111012458801
0.00227194152220082,0.0749200548195523,0.6909000277519226
0.0025188916876574307,0.07766103243490179,0.6821506023406982
0.0026670617869313973,0.08268615806304248,0.6701018810272217
0.002914011952388008,0.08634079488350845,0.6554733514785767
0.003160962117844619,0.08999543170397442,0.6503995656967163
0.0034079122833012296,0.09273640931932389,0.644646406173706
0.003753642514940485,0.09547738693467336,0.637600839138031
0.003951202647305774,0.09776153494746459,0.6330522894859314
0.00409937274657974,0.10232983097304706,0.6272836327552795
0.0042475428458537065,0.10552763819095477,0.6214302182197571
0.004445102978218996,0.10826861580630424,0.6152280569076538
0.004642663110584284,0.11009593421653723,0.6101160049438477
0.004840223242949573,0.11283691183188671,0.6055197715759277
0.005037783375314861,0.12197350388305161,0.5938560962677002
0.005185953474588828,0.12791228871630883,0.5888662338256836
0.005482293673136761,0.13111009593421655,0.5839494466781616
0.00592680397095866,0.13385107354956602,0.579207181930542
0.0061737541364152715,0.13887619917770672,0.5700964331626892
0.006470094334963205,0.14207400639561443,0.5636617541313171
0.006717044500419815,0.1439013248058474,0.5602328777313232
0.006963994665876426,0.1489264504339881,0.5536072850227356
0.00726033486442436,0.1516674280493376,0.5495814085006714
0.007457894996789648,0.1534947464595706,0.5449578166007996
0.007655455129154936,0.15623572407492006,0.5379133224487305
0.008001185360794192,0.1585198720877113,0.5325257778167725
0.008445695658616092,0.16080402010050251,0.5260142087936401
0.008890205956437991,0.16308816811329374,0.5206926465034485
0.009433496320442535,0.16445865692096848,0.5150200128555298
0.009680446485899146,0.16994061215166742,0.5073410272598267
0.009927396651355756,0.17313841936957514,0.5006952285766602
0.010124956783721046,0.17816354499771586,0.4933196008205414
0.010322516916086334,0.1804476930105071,0.491021990776062
0.010470687015360301,0.18227501142074007,0.48928719758987427
0.01066824714772559,0.18547281863864779,0.4864168167114258
0.011013977379364845,0.18821379625399726,0.48176002502441406
0.011211537511730133,0.189584285061672,0.4797290861606598
0.011409097644095421,0.1927820922795797,0.4765445590019226
0.011656047809552032,0.19689355870260392,0.4731837809085846
0.01185360794191732,0.19872087711283692,0.4721737802028656
0.012100558107373932,0.20191868433074464,0.4690663516521454
0.012446288339013187,0.20511649154865236,0.46477311849594116
0.01298957870301773,0.20831429876656007,0.45812997221946716
0.013236528868474342,0.21014161717679306,0.4553934633731842
0.01343408900083963,0.21516674280493375,0.45169079303741455
0.013779819232478886,0.21745089081772498,0.449323832988739
0.014125549464118141,0.21882137962539971,0.4472312927246094
0.01452066972884872,0.2233896756509822,0.44391173124313354
0.014965180026670619,0.22521699406121518,0.44044461846351624
0.015508470390675162,0.2275011420740064,0.4365153908729553
0.015854200622314418,0.22932846048423938,0.4334273338317871
0.016101150787771027,0.23069894929191412,0.43117907643318176
0.016249320887044994,0.23206943809958885,0.430168092250824
0.01664444115177557,0.2334399269072636,0.42820724844932556
0.016891391317232184,0.2375513933302878,0.42435625195503235
0.017088951449597472,0.23892188213796253,0.4230943024158478
0.01728651158196276,0.2425765189584285,0.41945087909698486
0.017681631846693337,0.2444038373686615,0.41724488139152527
0.018126142144515238,0.24623115577889448,0.41337618231773376
0.018620042475428457,0.2485153037916857,0.4095291197299957
0.019360892971798292,0.24988579259936045,0.40457478165626526
0.01975601323652887,0.25216994061215164,0.40210583806037903
0.020101743468168124,0.2539972590223846,0.400681734085083
0.020743813898355314,0.2553677478300594,0.3967195451259613
0.021040154096903244,0.25856555504796713,0.3944830596446991
0.02133649429545118,0.2631338510735496,0.3924117386341095
0.021781004593273076,0.26815897670169025,0.3885764181613922
0.021978564725638368,0.269529465509365,0.3875546455383301
0.022225514891094977,0.2722704431247145,0.3863087594509125
0.022472465056551587,0.27501142074006396,0.38502079248428345
0.022620635155825554,0.27820922795797165,0.3838287591934204
0.022818195288190842,0.2800365463682047,0.3824557065963745
0.023114535486738776,0.2823206943809959,0.38095465302467346
0.02370721588383464,0.28414801279122887,0.3790934979915619
0.024003556082382575,0.28597533120146185,0.3769083619117737
0.024201116214747864,0.2878026496116948,0.37541136145591736
0.02454684644638712,0.2900867976244861,0.372372031211853
0.02479379661184373,0.29511192325262675,0.3702472150325775
0.02518891687657431,0.297396071265418,0.36787253618240356
0.02548525707512224,0.299223389675651,0.3660551607608795
0.025633427174396206,0.30242119689355873,0.36499884724617004
0.026028547439126783,0.3056190041114664,0.3629317283630371
0.026670617869313972,0.3074463225216994,0.359615683555603
0.02686817800167926,0.30973047053449065,0.358991414308548
0.02706573813404455,0.3133851073549566,0.3571242094039917
0.02731268829950116,0.3161260849703061,0.3555125594139099
0.027855978663505705,0.3174965737779808,0.3535992205142975
0.028349878994418928,0.32069438099588854,0.35180366039276123
0.02909072949078876,0.3225216994061215,0.34949126839637756
0.029584629821701982,0.3243490178163545,0.34737399220466614
0.029930360053341237,0.3261763362265875,0.3460140526294708
0.030226700251889168,0.32891731384193695,0.34284117817878723
0.03047365041734578,0.3302878026496117,0.3412168323993683
0.03091816071516768,0.3334856098675194,0.33914467692375183
0.031263890946806934,0.33576975788031066,0.3377701938152313
0.03160962117844619,0.33805390589310186,0.33594319224357605
0.031955351410085445,0.3394243947007766,0.3341993987560272
0.03259742184027263,0.3412517131110096,0.33144956827163696
0.032893762038820565,0.3435358611238008,0.32977911829948425
0.0331901022373685,0.34490634993147556,0.3292078971862793
0.033585222502099076,0.34719049794426676,0.3277865946292877
0.033832172667555685,0.3485609867519415,0.3265143036842346
0.03432607299846891,0.3499314755596163,0.3247019648551941
0.03491875339556477,0.353129282777524,0.32213449478149414
0.03526448362720403,0.35449977158519874,0.32099077105522156
0.035462043759569316,0.35587026039287345,0.32003286480903625
0.03610411418975651,0.3572407492005482,0.3179188370704651
0.03659801452066973,0.3595248972133394,0.3157927393913269
0.03714130488467427,0.3608953860210142,0.31426411867141724
0.037684595248678815,0.36272270443124716,0.3134091794490814
0.038376055711957326,0.36683417085427134,0.3113289177417755
0.038721785943596584,0.3682046596619461,0.30993419885635376
0.03946263643996641,0.3700319780721791,0.30736586451530457
0.03985775670469699,0.37185929648241206,0.3062097430229187
0.04040104706870153,0.37460027409776153,0.3049115836620331
0.0405492171679755,0.3759707629054363,0.3041400611400604
0.04094433743270608,0.3777980813156693,0.30264022946357727
0.04168518792907591,0.37962539972590226,0.2999555468559265
0.041981528127623846,0.38099588853357697,0.29897356033325195
0.04242603842544575,0.38236637734125173,0.29802417755126953
0.04272237862399368,0.3846505253540429,0.29703593254089355
0.043265668987998225,0.3860210141617177,0.29521363973617554
0.04405590951745938,0.3873915029693924,0.29377514123916626
0.0445498098483726,0.38876199177706716,0.2925569713115692
0.0449943201461945,0.39013248058474187,0.2908015251159668
0.04622907097347755,0.39287345820009134,0.2878812253475189
0.04647602113893416,0.3951576062128826,0.28695809841156006
0.047216871635304,0.39652809502055736,0.2852524518966675
0.047611991900034574,0.39926907263590683,0.28435203433036804
0.04815528226403912,0.403380539058931,0.28186556696891785
0.048994912826591595,0.4047510278666058,0.27963757514953613
0.0494394231244135,0.40657834627683875,0.2780105173587799
0.0505753938855139,0.40840566468707173,0.27529096603393555
0.05077295401787919,0.40977615349474644,0.2747117578983307
0.051118684249518445,0.4120603015075377,0.2741154134273529
0.05161258458043167,0.4134307903152124,0.27282896637916565
0.05200770484516225,0.4152581087254454,0.27188563346862793
0.052402825109892824,0.41662859753312015,0.27100279927253723
0.0527979453746234,0.41799908634079486,0.27003970742225647
0.05344001580481059,0.4198264047510279,0.26866570115089417
0.053785746036449845,0.42256738236637736,0.2678835690021515
0.05408208623499778,0.42530835998172684,0.2672324478626251
0.054477206499728356,0.4271356783919598,0.2663893401622772
0.0550204968637329,0.429419826404751,0.2652081847190857
0.05595890749246802,0.431247144814984,0.26307809352874756
0.0567985380550205,0.433074463225217,0.2619369626045227
0.05729243838593372,0.43490178163544996,0.26077142357826233
0.057440608485207684,0.4371859296482412,0.2597385346889496
0.05793450881612091,0.4390132480584742,0.25848495960235596
0.059070479577221315,0.4408405664687072,0.25682052969932556
0.05946559984195189,0.44221105527638194,0.255865216255188
0.06025584037141305,0.4454088624942896,0.254119873046875
0.06124364103323949,0.4467793513019644,0.2523714601993561
0.06158937126487875,0.4481498401096391,0.25194981694221497
0.062231441695065934,0.45043398812243035,0.251080721616745
0.06257717192670519,0.45180447693010506,0.2505083680152893
0.06341680248925767,0.4540886249428963,0.2486777901649475
0.0637131426878056,0.455459113750571,0.24815958738327026
0.0641576529856275,0.4577432617633623,0.24727573990821838
0.06455277325035808,0.45957058017359526,0.24664781987667084
0.06479972341581469,0.46094106898126996,0.24602782726287842
0.0654911838790932,0.46368204659661943,0.24495141208171844
0.06578752407764113,0.46550936500685247,0.24408778548240662
0.06598508421000641,0.46733668341708545,0.24357227981090546
0.06712105497110683,0.47053449063499314,0.24169009923934937
0.0677137353682027,0.4719049794426679,0.24102646112442017
0.0684051958314812,0.4737322978529009,0.23998300731182098
0.06944238652639897,0.47555961626313387,0.2387821525335312
0.07013384698967748,0.47738693467336685,0.23806725442409515
0.07117103768459525,0.47875742348104156,0.23661859333515167
0.07181310811478243,0.48058474189127454,0.23558951914310455
0.07314663900824814,0.4819552306989493,0.23384688794612885
0.07393687953770929,0.4837825491091823,0.23269644379615784
0.07438138983553119,0.48560986751941526,0.2319779396057129
0.07467773003407913,0.4892645043398812,0.2314411848783493
0.0748259001333531,0.4915486523526725,0.23066279292106628
0.07571492072899688,0.4938328003654637,0.2297014743089676
0.07606065096063615,0.49566011877569666,0.22899067401885986
0.07690028152318862,0.4979442667884879,0.22758786380290985
0.07739418185410184,0.5002284148012791,0.226877823472023
0.0777399120857411,0.5025125628140703,0.2261553853750229
0.07823381241665432,0.5038830516217451,0.2256045788526535
0.07892527287993283,0.5052535404294198,0.22479060292243958
0.07936978317775473,0.5066240292370946,0.2243606299161911
0.08060453400503778,0.5079945180447692,0.22247399389743805
0.08144416456759027,0.5098218364550022,0.22106195986270905
0.08193806489850348,0.5116491548652353,0.2199188470840454
0.0824319652294167,0.51301964367291,0.2191198170185089
0.08282708549414729,0.514846962083143,0.21825569868087769
0.08341976589124314,0.5162174508908177,0.21760308742523193
0.08445695658616091,0.5185015989036089,0.21633212268352509
0.08564231738035265,0.5207857469164002,0.21480531990528107
0.08593865757890058,0.5221562357240749,0.21459412574768066
0.08663011804217909,0.5235267245317496,0.21377696096897125
0.0873215785054576,0.5253540429419826,0.21274256706237793
0.08806242900182742,0.5290086797624486,0.21159803867340088
0.08840815923346669,0.5317496573777981,0.21100503206253052
0.08890205956437991,0.5349474645957059,0.2102469950914383
0.0895441299945671,0.5367747830059388,0.2090524137020111
0.09038376055711958,0.5381452718136135,0.2074613869190216
0.09107522102039808,0.5399725902238465,0.20634835958480835
0.09142095125203734,0.5417999086340795,0.20551887154579163
0.09285326221168569,0.5449977158519872,0.2037510871887207
0.09324838247641626,0.546368204659662,0.2033817321062088
0.09433496320442535,0.5477386934673367,0.20251469314098358
0.09571788413098237,0.5495660118775697,0.2010117471218109
0.09616239442880427,0.5513933302878027,0.20057953894138336
0.0969032449251741,0.5532206486980357,0.19941864907741547
0.09769348545463526,0.5545911375057103,0.19844606518745422
0.0986812861164617,0.5564184559159433,0.197524294257164
0.09922457648046625,0.5577889447236181,0.19672055542469025
0.10095322763866252,0.5591594335312928,0.19487279653549194
0.10149651800266705,0.5605299223389676,0.19414016604423523
0.10184224823430632,0.5619004111466424,0.1937786340713501
0.10268187879685879,0.563270899954317,0.19290606677532196
0.10297821899540673,0.5646413887619918,0.19254064559936523
0.10381784955795921,0.5664687071722248,0.19146011769771576
0.10436113992196375,0.5678391959798995,0.1908654421567917
0.10465748012051168,0.5696665143901325,0.1901654154062271
0.10608979108016002,0.5710370031978073,0.18911294639110565
0.10702820170889514,0.5724074920054819,0.1883741319179535
0.10796661233763026,0.5751484696208314,0.18751047551631927
0.1082629525361782,0.5765189584285062,0.18705035746097565
0.10930014323109596,0.5788031064412974,0.18554916977882385
0.10974465352891787,0.5801735952489722,0.18509601056575775
0.11147330468711414,0.5815440840566469,0.18373136222362518
0.11196720501802736,0.5829145728643216,0.18319161236286163
0.11280683558057984,0.5847418912745546,0.18256399035453796
0.11344890601076703,0.5870260392873459,0.18201670050621033
0.1138440262754976,0.5883965280950205,0.18157635629177094
0.11483182693732405,0.5897670169026953,0.18081018328666687
0.11581962759915049,0.5915943353129283,0.17990782856941223
0.11636291796315504,0.592964824120603,0.17954891920089722
0.11754827875734676,0.5943353129282778,0.17856600880622864
0.11823973922062528,0.5957058017359524,0.1778292953968048
0.11927692991554305,0.5975331201461854,0.17672139406204224
0.11957327011409098,0.5993604385564184,0.1763353794813156
0.12115375117301329,0.6007309273640932,0.17480343580245972
0.12253667209957031,0.6025582457743262,0.17355474829673767
0.12337630266212278,0.6048423937871175,0.17287078499794006
0.123870202993036,0.6062128825947921,0.17244365811347961
0.1255988541512323,0.6084970306075834,0.17092281579971313
0.1263397046476021,0.6098675194152581,0.17048287391662598
0.12688299501160666,0.6126084970306076,0.1701541244983673
0.12727811527633723,0.6139789858382824,0.16984015703201294
0.12841408603743765,0.615349474645957,0.16886891424655914
0.12925371659999013,0.61717679305619,0.16816413402557373
0.13014273719563393,0.6185472818638648,0.16768600046634674
0.13152565812219094,0.6199177706715395,0.16688519716262817
0.1323158986516521,0.6212882594792143,0.16626296937465668
0.13320491924729588,0.6226587482868889,0.1655670702457428
0.13404454980984837,0.6244860666971219,0.16467364132404327
0.13493357040549217,0.6263133851073549,0.16400419175624847
0.13636588136514052,0.628140703517588,0.16302020847797394
0.13671161159677978,0.6295111923252626,0.16266484558582306
0.1378969723909715,0.6327089995431704,0.16165205836296082
0.13962562354916777,0.6340794883508452,0.1606295108795166
0.14130488467427274,0.6354499771585199,0.15964293479919434
0.14244085543537313,0.6372772955687529,0.1590476781129837
0.14283597570010373,0.6386477843764276,0.1587756872177124
0.14377438632883885,0.6400182731841023,0.15836703777313232
0.14431767669284337,0.6413887619917771,0.1579398810863495
0.14471279695757397,0.6427592507994518,0.15755915641784668
0.14520669728848717,0.6441297396071265,0.15725910663604736
0.1454536474539438,0.6455002284148013,0.15711352229118347
0.14584876771867436,0.6473275468250342,0.15688055753707886
0.14629327801649628,0.6491548652352672,0.15641114115715027
0.1465402281819529,0.650525354042942,0.15623162686824799
0.14767619894305328,0.6518958428506167,0.15562665462493896
0.14856521953869709,0.6532663316582915,0.15478451550006866
0.14930607003506693,0.6546368204659662,0.15439222753047943
0.1501950906307107,0.6564641388761991,0.15378814935684204
0.15078777102780658,0.6578346276838739,0.1534087061882019
0.15142984145799376,0.6596619460941069,0.15287624299526215
0.15182496172272436,0.6610324349017817,0.1525215357542038
0.15251642218600286,0.6624029237094564,0.15201418101787567
0.15315849261619005,0.6637734125171311,0.15145951509475708
0.15399812317874254,0.665600730927364,0.15080630779266357
0.15449202350965574,0.6669712197350388,0.15043020248413086
0.15582555440312146,0.6687985381452718,0.14974631369113922
0.1570603052304045,0.671082686158063,0.14913471043109894
0.15775176569368302,0.6724531749657378,0.1486942023038864
0.15918407665333137,0.6738236637734125,0.14788950979709625
0.16002370721588383,0.676564641388762,0.14740948379039764
0.1613078480762582,0.6779351301964367,0.14665471017360687
0.16224625870499335,0.6793056190041115,0.1460207849740982
0.16303649923445448,0.6806761078117862,0.145607590675354
0.16343161949918505,0.682046596619461,0.14538057148456573
0.16609868128611646,0.6834170854271356,0.1436769664287567
0.1664444115177557,0.6852444038373686,0.14317728579044342
0.1672840420803082,0.6866148926450434,0.14250536262989044
0.16782733244431275,0.6879853814527181,0.14232151210308075
0.1688151331061392,0.6898126998629511,0.14160029590129852
0.16980293376796562,0.6911831886706259,0.14100715517997742
0.17138341482688793,0.6925536774783005,0.14041197299957275
0.1728651158196276,0.6948378254910919,0.13948361575603485
0.1737047463821801,0.6962083142987665,0.13882483541965485
0.17484071714328048,0.6975788031064413,0.13826881349086761
0.17543339754037635,0.698949291914116,0.13783137500286102
0.17642119820220278,0.7003197807217908,0.13710811734199524
0.17721143873166395,0.7016902695294656,0.13640111684799194
0.17805106929421644,0.7030607583371402,0.1359410285949707
0.17958216032004742,0.7058017359524897,0.13520492613315582
0.18027362078332593,0.7071722247601645,0.1349787414073944
0.18160715167679162,0.7085427135678392,0.1343306601047516
0.18269373240480072,0.7103700319780721,0.133712500333786
0.1830888526695313,0.7117405207857469,0.1334306299686432
0.18358275300044452,0.7135678391959799,0.13302937150001526
0.18412604336444904,0.7149383280036546,0.1326252967119217
0.18541018422482344,0.7163088168113294,0.1317862719297409
0.18674371511828913,0.7176793056190041,0.13088007271289825
0.1880278559786635,0.719506624029237,0.1301177591085434
0.18857114634266806,0.7208771128369118,0.12966252863407135
0.1898058971699511,0.7222476016445866,0.1288393884897232
0.19029979750086432,0.7236180904522613,0.12845027446746826
0.19257173902306515,0.7249885792599361,0.1273554414510727
0.19420161011507878,0.7263590680676107,0.12654586136341095
0.19676989183582752,0.7277295568752855,0.12533771991729736
0.19835037289474983,0.7291000456829603,0.12433143705129623
0.20062231441695066,0.730470534490635,0.12297412008047104
0.20175828517805106,0.732297852900868,0.12254266440868378
0.2024497456413296,0.7336683417085427,0.12201489508152008
0.20353632636933866,0.7354956601187757,0.12155221402645111
0.2071911888180965,0.7373229785290086,0.11970523744821548
0.2087716698770188,0.7386934673366834,0.11870407313108444
0.21015459080357585,0.7400639561443582,0.11817111074924469
0.210944831333037,0.7418912745545911,0.11778298765420914
0.21173507186249815,0.7432617633622659,0.117416612803936
0.2138094532523337,0.7450890817724989,0.11617087572813034
0.2147478638810688,0.7464595705801736,0.11549068987369537
0.21632834493999112,0.7473732297852901,0.11479537934064865
0.2185015063960093,0.7482868889904066,0.11392375826835632
0.21983503728947498,0.7496573777980813,0.11329399049282074
0.22106978811675804,0.751027866605756,0.11280649900436401
0.22393441003605472,0.7523983554134308,0.1115175187587738
0.2243295303007853,0.7537688442211056,0.11121926456689835
0.22492221069788118,0.7555961626313386,0.11079815030097961
0.22591001135970762,0.7569666514390132,0.11033882200717926
0.2265520817898948,0.758337140246688,0.11011598259210587
0.22763866251790388,0.760164458656921,0.10948516428470612
0.22976243394083073,0.7615349474645957,0.10846670717000961
0.23060206450338322,0.7629054362722705,0.10809336602687836
0.23094779473502247,0.7642759250799451,0.10795789211988449
0.23292339605867535,0.7656464138876199,0.10728980600833893
0.23480021731614562,0.7674737322978529,0.10646842420101166
0.23672642860670717,0.7688442211055276,0.10549473762512207
0.23959105052600385,0.7706715395157606,0.10450708121061325
0.2406282412209216,0.7720420283234354,0.10392019152641296
0.24156665184965673,0.7734125171311101,0.10340159386396408
0.24487578406677532,0.7752398355413431,0.10231368243694305
0.247740405986072,0.7766103243490178,0.1011933982372284
0.24877759668098978,0.7779808131566925,0.10081032663583755
0.24917271694572035,0.7793513019643673,0.10067213326692581
0.25055563787227736,0.7811786203746003,0.09995992481708527
0.2523830690966563,0.782549109182275,0.09916187077760696
0.25302513952684347,0.784376427592508,0.09891632199287415
0.2542105003210352,0.7857469164001827,0.09834735095500946
0.25672939200869266,0.7871174052078574,0.09746631234884262
0.2595940139279893,0.7889447236180904,0.09645828604698181
0.26033486442435916,0.7903152124257652,0.0960867628455162
0.261223885020003,0.79168570123344,0.09585405886173248
0.26211290561564676,0.7930561900411147,0.0954916924238205
0.26324887637674715,0.7944266788487894,0.09498168528079987
0.2637427767076604,0.7962539972590224,0.09475059807300568
0.26586654813058724,0.7976244860666971,0.09383045881986618
0.2667555687262311,0.7989949748743719,0.09344535320997238
0.26794092952042275,0.8003654636820466,0.0929206982254982
0.26897812021534057,0.8017359524897213,0.09257439523935318
0.26986714081098434,0.8035632708999543,0.09227638691663742
0.2712994517706327,0.804933759707629,0.0916772335767746
0.27327505309428557,0.8072179077204202,0.09091627597808838
0.2753988245172124,0.808588396528095,0.09013494849205017
0.27841161653578306,0.810415714938328,0.08930405974388123
0.28088111819034917,0.8117862037460027,0.0885133370757103
0.281621968686719,0.8131566925536775,0.08818858861923218
0.28349878994418926,0.8149840109639105,0.08746279776096344
0.2853262211685682,0.8163544997715853,0.08687649667263031
0.28789450288931695,0.8177249885792599,0.08606810122728348
0.2889316935842347,0.8190954773869347,0.08580094575881958
0.29174692547044007,0.8209227957971676,0.08501660823822021
0.2930804563639058,0.8222932846048424,0.08442139625549316
0.29396947695954956,0.8236637734125172,0.08418083935976028
0.2948584975551934,0.8254910918227502,0.08388137072324753
0.29767372944139875,0.8268615806304248,0.0830589160323143
0.29905665036795576,0.8282320694380996,0.08268158882856369
0.30281029288289624,0.8300593878483326,0.08168245851993561
0.30488467427273175,0.8318867062585655,0.08098948746919632
0.30513162443818836,0.8332571950662403,0.08084911108016968
0.308292586556033,0.8346276838739151,0.07963943481445312
0.3094285573171334,0.8359981726815897,0.07911786437034607
0.311206598508421,0.8373686614892645,0.07865844666957855
0.31268829950116067,0.8391959798994975,0.07825367152690887
0.31520719118881807,0.8405664687071722,0.07739248871803284
0.31777547290956687,0.841936957514847,0.07660883665084839
0.31910900380303253,0.8433074463225217,0.07609604299068451
0.32152911542450735,0.8446779351301964,0.07537936419248581
0.3246406875092606,0.845591594335313,0.07453607022762299
0.3272583592631007,0.8469620831429877,0.07384632527828217
0.3312589519434978,0.8497030607583371,0.07290017604827881
0.33521015459080356,0.8510735495660119,0.0717274397611618
0.3376302662122784,0.8524440383736867,0.07112627476453781
0.34044549809848373,0.8538145271813613,0.07024456560611725
0.3412851286610362,0.8556418455915943,0.07004696130752563
0.3421247592235887,0.8574691640018273,0.06986428797245026
0.3454832814737986,0.8592964824120602,0.0690494179725647
0.34913814392255643,0.860666971219735,0.06825574487447739
0.3531881266360448,0.8620374600274098,0.06712454557418823
0.35491677779424113,0.8634079488350845,0.06670724600553513
0.35812712994517704,0.8647784376427593,0.06584612280130386
0.35941127080555146,0.8666057560529923,0.0654180571436882
0.36291796315503533,0.8679762448606669,0.06444177031517029
0.3651899046772361,0.8693467336683417,0.06379034370183945
0.3661777053390626,0.8707172224760165,0.06348545104265213
0.36840025682817207,0.8720877112836912,0.06291086226701736
0.3712648787474688,0.8734582000913659,0.062323082238435745
0.37254901960784315,0.8748286888990406,0.06207580119371414
0.3749691312293179,0.8761991777067154,0.06133361905813217
0.37546303156023114,0.8780264961169484,0.06116211414337158
0.3773892428507927,0.8793969849246231,0.060657963156700134
0.37901911394280635,0.8807674737322978,0.06021573022007942
0.3814392255642811,0.8821379625399726,0.05954006314277649
0.38306909665629474,0.8835084513476473,0.05916164442896843
0.38815627006470094,0.8853357697578803,0.057740435004234314
0.39146540228181953,0.8867062585655551,0.05688754841685295
0.3949720946313034,0.8880767473732298,0.056151069700717926
0.39684891588877363,0.8894472361809045,0.055779751390218735
0.39887390724551786,0.8908177249885793,0.055336371064186096
0.402578159727367,0.892188213796254,0.0547066405415535
0.4055909517459377,0.8931018730013704,0.05398070812225342
0.40890008396305627,0.8949291914116034,0.05328664928674698
0.4130488467427273,0.8962996802192782,0.05246235057711601
0.4153701782980195,0.897670169026953,0.05203227326273918
0.4172469995554897,0.8990406578346277,0.05177035927772522
0.4187780905813207,0.9004111466423024,0.05143097788095474
0.42564330518101445,0.9022384650525354,0.05006788298487663
0.4276682965377587,0.9036089538602101,0.049685969948768616
0.4310762088210599,0.9049794426678849,0.049043040722608566
0.43557070183237023,0.9063499314755596,0.048096224665641785
0.4393243443473107,0.9077204202832344,0.047365956008434296
0.4467822393441004,0.9090909090909091,0.046106304973363876
0.4508816120906801,0.9104613978985838,0.04546143114566803
0.45414135427470737,0.9118318867062586,0.04495497792959213
0.45759865659109994,0.9132023755139334,0.04427015408873558
0.4641675309922458,0.914572864321608,0.04327502101659775
0.46811873363955153,0.9159433531292828,0.04246531054377556
0.4713290857904875,0.9173138419369575,0.041952088475227356
0.47636686916580234,0.9186843307446323,0.04115419462323189
0.4802686817800168,0.920054819552307,0.04044114425778389
0.4843186644935052,0.9214253083599817,0.03981175273656845
0.48975156813355064,0.9232526267702147,0.03908369690179825
0.49306070035066923,0.9241662859753312,0.03859896585345268
0.49775275349434484,0.9255367747830059,0.037817277014255524
0.5040746777300341,0.9264504339881224,0.03692760691046715
0.5078777102780659,0.9278209227957972,0.036244526505470276
0.5118289129253717,0.9291914116034719,0.03563130646944046
0.5149898750432162,0.9301050708085884,0.035207606852054596
0.5217563095767274,0.9314755596162632,0.034083813428878784
0.5258062922902158,0.9328460484239379,0.03344452381134033
0.526892873018225,0.9342165372316126,0.033281050622463226
0.5286709142095125,0.9355870260392873,0.033071838319301605
0.5332147972539142,0.9369575148469621,0.032376792281866074
0.5347952783128365,0.9383280036546369,0.03219439834356308
0.5405739121845211,0.9396984924623115,0.03141934052109718
0.5437348743023658,0.9410689812699863,0.03103584237396717
0.5527732503580778,0.942439470077661,0.029807141050696373
0.5565762829061095,0.9438099588853358,0.029397446662187576
0.55771225366721,0.9451804476930105,0.029241761192679405
0.5608732157850546,0.9465509365006852,0.028882715851068497
0.570899392502593,0.9483782549109182,0.02763887494802475
0.58087617918704,0.949748743718593,0.026533473283052444
0.5860127426285375,0.9511192325262677,0.025913400575518608
0.5912480861362177,0.9524897213339424,0.02528039552271366
0.5954956289820714,0.9538602101416171,0.024771541357040405
0.5985578110337334,0.9552306989492919,0.02440904639661312
0.6014224329530301,0.9566011877569667,0.024051068350672722
0.6198449152960932,0.9579716765646414,0.02194211259484291
0.6246851385390428,0.9593421653723161,0.021435031667351723
0.6363905763816862,0.9607126541799909,0.020396918058395386
0.6411320195584531,0.9620831429876656,0.019917862489819527
0.6426137205511928,0.962996802192782,0.01978210359811783
0.6473551637279596,0.964824120603015,0.019352128729224205
0.6599496221662469,0.9661946094106898,0.018192000687122345
0.6658270361041142,0.9671082686158063,0.01770417019724846
0.6732849311009038,0.968478757423481,0.017035797238349915
0.6765940633180224,0.9698492462311558,0.016709567978978157
0.6800019756013237,0.9712197350388305,0.01639162003993988
0.682965377586803,0.9725902238465053,0.01611662283539772
0.6922013137748803,0.9739607126541799,0.015518479980528355
0.7031165110880624,0.9753312014618547,0.01470201089978218
0.70825307452956,0.9767016902695295,0.014326252043247223
0.7150195090630711,0.9780721790772042,0.013873990625143051
0.7248975156813355,0.979442667884879,0.013108743354678154
0.7354175927297871,0.9808131566925536,0.01240167859941721
0.738924285079271,0.9817268158976702,0.012163975276052952
0.7496913122931792,0.983097304705345,0.011487944051623344
0.7527041043117499,0.9840109639104614,0.01131146028637886
0.771422926853361,0.9853814527181362,0.010213227942585945
0.7732997481108312,0.9862951119232526,0.010105529800057411
0.7766582703610412,0.9876656007309274,0.009865629486739635
0.7990319553514101,0.9885792599360439,0.008700096048414707
0.8103422729293228,0.9899497487437185,0.008123202249407768
0.8354324097397146,0.9913202375513933,0.006945975590497255
0.8531634316194991,0.9926907263590681,0.006221248302608728
0.8700548229367314,0.9940612151667428,0.005518556106835604
0.889168765743073,0.9954317039744175,0.004813641309738159
0.9089247789796019,0.996345363179534,0.00402095029130578
0.9317923643008841,0.9977158519872088,0.0032255721744149923
0.9855287203042427,0.9990863407948835,0.0013791878009214997
