Group,N,"Age, median (IQR)","Male, n (%)","ICU LOS h, median (IQR)","Emergency admission, n (%)","In-hospital mortality, n (%)"
Overall,176199,66 (54-77),37869 (21.5),55.9 (37.9-99.3),144697 (82.1),16766 (9.5)
Survived,159433,65 (54-76),33905 (21.3),53.6 (37.0-94.4),130747 (82.0),0 (0.0)
Died,16766,72 (61-81),3964 (23.6),89.9 (48.5-174.2),13950 (83.2),16766 (100.0)
Client: Cardiac Vascular Intensive Care Unit (CVICU),12019,68 (60-76),8276 (68.9),50.1 (30.9-80.2),2661 (22.1),361 (3.0)
Client: Coronary Care Unit (CCU),7643,72 (61-82),4433 (58.0),61.3 (40.0-103.3),4076 (53.3),938 (12.3)
Client: Medical Intensive Care Unit (MICU),13842,65 (53-77),7459 (53.9),63.0 (40.4-118.3),9743 (70.4),2181 (15.8)
Client: Medical/Surgical Intensive Care Unit (MICU/SICU),10480,66 (54-78),5339 (50.9),52.7 (37.3-94.3),6798 (64.9),1541 (14.7)
Client: Neuro Intermediate,4485,66 (54-77),2249 (50.1),89.6 (48.8-162.9),1523 (34.0),87 (1.9)
Client: Neuro Stepdown,998,65 (53-77),480 (48.1),77.7 (45.5-142.8),199 (19.9),22 (2.2)
Client: Neuro Surgical Intensive Care Unit (Neuro SICU),1338,68 (56-79),696 (52.0),67.9 (42.7-140.8),727 (54.3),357 (26.7)
Client: Surgical Intensive Care Unit (SICU),8991,64 (53-76),4796 (53.3),61.0 (40.1-114.4),5433 (60.4),940 (10.5)
Client: Trauma SICU (TSICU),6978,64 (50-76),4015 (57.5),59.7 (38.7-113.2),4229 (60.6),705 (10.1)
Client: eICU_Hospital_110,1237,65 (53-75),0 (0.0),61.0 (41.4-101.2),1237 (100.0),96 (7.8)
Client: eICU_Hospital_122,2091,64 (54-74),0 (0.0),59.4 (40.5-104.7),2091 (100.0),207 (9.9)
Client: eICU_Hospital_141,987,72 (58-83),0 (0.0),49.0 (36.7-77.4),987 (100.0),77 (7.8)
Client: eICU_Hospital_142,1012,70 (58-80),0 (0.0),54.7 (37.0-99.1),1012 (100.0),159 (15.7)
Client: eICU_Hospital_148,1125,73 (65-81),0 (0.0),48.4 (37.6-89.7),1125 (100.0),89 (7.9)
Client: eICU_Hospital_152,634,70 (63-78),0 (0.0),46.8 (30.9-73.7),634 (100.0),58 (9.1)
Client: eICU_Hospital_154,585,73 (60-81),0 (0.0),47.3 (33.6-85.9),585 (100.0),66 (11.3)
Client: eICU_Hospital_157,716,70 (58-79),0 (0.0),54.1 (37.0-96.2),716 (100.0),94 (13.1)
Client: eICU_Hospital_165,992,63 (53-73),0 (0.0),49.1 (34.2-83.2),992 (100.0),95 (9.6)
Client: eICU_Hospital_167,1951,62 (50-74),0 (0.0),52.6 (36.5-97.2),1951 (100.0),198 (10.1)
Client: eICU_Hospital_171,638,61 (49-73),0 (0.0),43.5 (32.1-70.0),638 (100.0),43 (6.7)
Client: eICU_Hospital_176,1529,66 (54-76),0 (0.0),54.9 (38.3-95.3),1529 (100.0),99 (6.5)
Client: eICU_Hospital_181,596,66 (56-76),0 (0.0),55.7 (36.7-94.2),596 (100.0),69 (11.6)
Client: eICU_Hospital_183,1159,70 (57-80),0 (0.0),54.6 (38.5-97.8),1159 (100.0),121 (10.4)
Client: eICU_Hospital_184,625,71 (59-82),0 (0.0),60.0 (41.1-97.4),625 (100.0),74 (11.8)
Client: eICU_Hospital_188,1502,66 (55-77),0 (0.0),55.6 (36.9-97.2),1502 (100.0),120 (8.0)
Client: eICU_Hospital_195,840,63 (53-72),0 (0.0),63.6 (41.9-96.8),840 (100.0),43 (5.1)
Client: eICU_Hospital_197,1244,67 (55-78),0 (0.0),60.6 (41.9-96.7),1244 (100.0),93 (7.5)
Client: eICU_Hospital_199,1880,65 (53-75),0 (0.0),66.4 (42.5-116.1),1880 (100.0),203 (10.8)
Client: eICU_Hospital_206,553,63 (50-73),0 (0.0),75.0 (41.9-165.3),553 (100.0),92 (16.6)
Client: eICU_Hospital_208,2160,69 (57-79),0 (0.0),49.2 (34.8-88.7),2160 (100.0),242 (11.2)
Client: eICU_Hospital_217,882,65 (53-77),0 (0.0),71.9 (45.7-122.8),882 (100.0),104 (11.8)
Client: eICU_Hospital_226,622,67 (51-79),0 (0.0),69.7 (43.5-124.5),622 (100.0),77 (12.4)
Client: eICU_Hospital_227,827,65 (55-76),0 (0.0),51.4 (36.4-87.2),827 (100.0),78 (9.4)
Client: eICU_Hospital_243,2509,65 (54-75),0 (0.0),58.6 (41.0-95.0),2509 (100.0),219 (8.7)
Client: eICU_Hospital_244,793,65 (52-77),0 (0.0),52.5 (38.0-89.2),793 (100.0),49 (6.2)
Client: eICU_Hospital_248,1231,67 (55-77),0 (0.0),52.8 (36.7-94.9),1231 (100.0),87 (7.1)
Client: eICU_Hospital_252,2230,64 (54-75),0 (0.0),58.1 (38.9-106.9),2230 (100.0),282 (12.6)
Client: eICU_Hospital_256,525,66 (57-76),0 (0.0),47.8 (32.5-87.8),525 (100.0),26 (5.0)
Client: eICU_Hospital_264,3754,65 (53-76),0 (0.0),64.4 (42.8-104.5),3754 (100.0),316 (8.4)
Client: eICU_Hospital_271,583,64 (52-74),0 (0.0),49.6 (36.6-75.2),583 (100.0),34 (5.8)
Client: eICU_Hospital_272,793,63 (52-75),0 (0.0),62.2 (43.0-101.4),793 (100.0),38 (4.8)
Client: eICU_Hospital_277,964,66 (54-79),0 (0.0),52.6 (38.2-95.2),964 (100.0),59 (6.1)
Client: eICU_Hospital_280,771,66 (53-76),0 (0.0),62.1 (40.3-102.7),771 (100.0),38 (4.9)
Client: eICU_Hospital_281,1752,67 (56-78),0 (0.0),64.3 (40.7-109.2),1752 (100.0),97 (5.5)
Client: eICU_Hospital_282,548,65 (55-75),0 (0.0),48.2 (35.3-75.6),548 (100.0),26 (4.7)
Client: eICU_Hospital_283,1335,74 (62-84),0 (0.0),55.0 (39.2-93.0),1335 (100.0),93 (7.0)
Client: eICU_Hospital_300,1223,62 (49-74),0 (0.0),51.5 (36.5-92.8),1223 (100.0),67 (5.5)
Client: eICU_Hospital_301,604,67 (55-75),0 (0.0),51.8 (36.4-97.3),604 (100.0),33 (5.5)
Client: eICU_Hospital_307,722,64 (52-75),0 (0.0),49.1 (35.7-86.4),722 (100.0),70 (9.7)
Client: eICU_Hospital_318,696,64 (52-73),0 (0.0),48.8 (34.0-96.9),696 (100.0),84 (12.1)
Client: eICU_Hospital_331,527,66 (54-75),0 (0.0),46.5 (33.9-71.3),527 (100.0),19 (3.6)
Client: eICU_Hospital_338,2267,65 (52-75),0 (0.0),53.4 (37.0-92.8),2267 (100.0),148 (6.5)
Client: eICU_Hospital_365,1035,62 (51-73),0 (0.0),58.0 (39.6-94.0),1035 (100.0),34 (3.3)
Client: eICU_Hospital_382,865,66 (54-76),0 (0.0),51.9 (38.2-93.4),865 (100.0),48 (5.5)
Client: eICU_Hospital_384,605,69 (56-81),0 (0.0),51.5 (36.4-91.7),605 (100.0),71 (11.7)
Client: eICU_Hospital_388,721,63 (50-75),0 (0.0),72.8 (45.1-144.3),721 (100.0),82 (11.4)
Client: eICU_Hospital_390,843,67 (57-78),0 (0.0),56.3 (37.9-101.5),843 (100.0),110 (13.0)
Client: eICU_Hospital_391,655,61 (51-75),0 (0.0),49.5 (35.4-86.5),655 (100.0),85 (13.0)
Client: eICU_Hospital_392,522,65 (54-76),0 (0.0),71.2 (43.5-119.7),522 (100.0),75 (14.4)
Client: eICU_Hospital_394,1311,63 (49-76),0 (0.0),55.0 (38.2-104.6),1311 (100.0),92 (7.0)
Client: eICU_Hospital_400,1080,66 (54-76),0 (0.0),65.4 (42.1-113.9),1080 (100.0),160 (14.8)
Client: eICU_Hospital_403,693,70 (58-81),0 (0.0),48.0 (31.5-75.5),693 (100.0),61 (8.8)
Client: eICU_Hospital_411,1265,65 (54-76),0 (0.0),47.6 (34.1-78.1),1265 (100.0),114 (9.0)
Client: eICU_Hospital_413,1194,66 (56-75),0 (0.0),45.3 (28.8-77.4),1194 (100.0),78 (6.5)
Client: eICU_Hospital_416,1392,67 (56-76),0 (0.0),51.9 (33.7-95.7),1392 (100.0),94 (6.8)
Client: eICU_Hospital_417,1300,65 (53-75),0 (0.0),51.6 (37.3-84.7),1300 (100.0),116 (8.9)
Client: eICU_Hospital_420,3154,65 (54-76),0 (0.0),69.4 (44.5-127.7),3154 (100.0),381 (12.1)
Client: eICU_Hospital_435,881,68 (58-76),0 (0.0),50.7 (35.3-88.2),881 (100.0),92 (10.4)
Client: eICU_Hospital_440,763,63 (52-74),0 (0.0),46.9 (31.8-77.2),763 (100.0),71 (9.3)
Client: eICU_Hospital_443,2514,56 (43-67),0 (0.0),65.7 (41.2-117.3),2514 (100.0),285 (11.3)
Client: eICU_Hospital_444,813,63 (51-73),0 (0.0),50.3 (36.2-79.2),813 (100.0),58 (7.1)
Client: eICU_Hospital_449,1548,60 (47-70),0 (0.0),63.6 (41.9-114.8),1548 (100.0),159 (10.3)
Client: eICU_Hospital_452,524,67 (54-77),0 (0.0),48.2 (35.4-85.0),524 (100.0),86 (16.4)
Client: eICU_Hospital_458,2523,63 (51-74),0 (0.0),56.9 (39.0-107.3),2523 (100.0),289 (11.5)
Client: eICU_Hospital_63,560,65 (54-73),0 (0.0),53.8 (36.9-93.7),560 (100.0),43 (7.7)
Client: eICU_Hospital_66,510,66 (53-79),0 (0.0),48.1 (35.0-75.6),510 (100.0),21 (4.1)
Client: eICU_Hospital_73,4342,64 (54-75),0 (0.0),54.8 (36.7-95.6),4342 (100.0),293 (6.7)
Client: eICU_Hospital_79,823,61 (49-74),0 (0.0),51.8 (36.5-94.5),823 (100.0),84 (10.2)
