bin,bin_lo,bin_hi,n,mean_pred,observed_rate
0,5.3181931434664875e-05,0.0039119110442698,2244,0.0020695473067462444,0.004456327762454748
1,0.0039119110442698,0.00879362691193819,2243,0.006197096314281225,0.008470797911286354
2,0.00879362691193819,0.01675331685692072,2244,0.012465540319681168,0.01559714786708355
3,0.01675331685692072,0.02851770631968975,2243,0.022257819771766663,0.022737404331564903
4,0.02851770631968975,0.04600591026246548,2244,0.036788444966077805,0.03342245891690254
5,0.04600591026246548,0.07042732089757923,2244,0.05733989179134369,0.050356507301330566
6,0.07042732089757923,0.10479201003909112,2243,0.08678220957517624,0.08381631970405579
7,0.10479201003909112,0.155491903424263,2243,0.12777866423130035,0.11457868665456772
8,0.155491903424263,0.25264693796634674,2244,0.19643700122833252,0.20008912682533264
9,0.25264693796634674,0.9467109441757202,2244,0.4226953089237213,0.4420677423477173
