round,auroc,auprc,f1,f1_at_0.5,brier,n
1,0.8134213445054954,0.39008448685110075,0.4124414145717938,0.37260621433100827,0.15322327613830566,22429
2,0.8236357519722218,0.4043371415128135,0.42316442605997934,0.37119507284140707,0.15724235773086548,22429
3,0.826583544293512,0.4102747916433577,0.42288961038961037,0.3710978603998597,0.15640775859355927,22429
4,0.8289708626676321,0.4165161049013646,0.43071855054560426,0.3731148319676998,0.1537010818719864,22429
5,0.8304810862613462,0.42180122109761353,0.4300485334458747,0.37650168188370975,0.15072108805179596,22429
6,0.8319692922030203,0.4243003727068798,0.43100266557309824,0.37076442696889095,0.15590433776378632,22429
7,0.8329125640780258,0.42808202612903573,0.43525254624818127,0.37255131964809385,0.15276269614696503,22429
8,0.8337193739087099,0.4307252058617344,0.4368911917098446,0.3778439547349613,0.15037569403648376,22429
9,0.8347623966942149,0.4331344900379958,0.43818402918524524,0.37681839511966214,0.15360352396965027,22429
10,0.8364595502666045,0.43513969153622406,0.43842467180662636,0.38371816234229944,0.15043026208877563,22429
11,0.8366034606196633,0.4359984181877868,0.4391059118445791,0.3842028278888347,0.14652878046035767,22429
12,0.8374467897337929,0.4376393955266636,0.4407061266874351,0.38016333293880933,0.14973951876163483,22429
13,0.8381710700466037,0.43755620425610736,0.43829296424452135,0.38022724610518915,0.15291430056095123,22429
14,0.8381716230271011,0.43857185259648346,0.4406021155410903,0.3831161066602894,0.14900971949100494,22429
15,0.8385919220608974,0.43922058030221944,0.4426263039476376,0.3816430864344311,0.150226891040802,22429
16,0.8392670661066742,0.4413187763588147,0.4454022988505747,0.38340726531590935,0.14783374965190887,22429
17,0.8395010671395062,0.4403596816883032,0.44519821920712316,0.3899260744267636,0.14145000278949738,22429
18,0.8406844905447106,0.4422337802889369,0.4444444444444444,0.38708098850012235,0.1454896628856659,22429
19,0.840677155089136,0.44278922794211845,0.44518908568693155,0.3885280058830739,0.1445249617099762,22429
20,0.841021977927727,0.4435225531523511,0.4462169553327256,0.38205158403014955,0.15067525207996368,22429
21,0.8419657350713322,0.4447101182669891,0.4504755277197866,0.3854204258390473,0.14719688892364502,22429
22,0.8416206865264158,0.44392807630030606,0.44715256620576516,0.3893307231126881,0.14431694149971008,22429
23,0.8419334026402222,0.4442416618347279,0.44920273348519363,0.38542779162216684,0.1488240510225296,22429
24,0.8415771929175162,0.44418905824682187,0.44806985294117646,0.3896166909267346,0.14593391120433807,22429
25,0.8420786220899683,0.4441564369312706,0.44339410308350213,0.3852497643732328,0.1498897820711136,22429
26,0.8430403680277059,0.44563345475771,0.44577205882352944,0.39152542372881355,0.14599968492984772,22429
27,0.8422256246196849,0.4455076487060238,0.44493392070484583,0.38866202257987026,0.1468421071767807,22429
28,0.8416391380185151,0.4448382952198655,0.4456472710870546,0.38591081593927895,0.14895519614219666,22429
29,0.8420762070322868,0.44496158925468865,0.44352236053480865,0.3896009673518742,0.1452053040266037,22429
30,0.8424661937065855,0.4431885849738775,0.4430456852791878,0.39181071472355034,0.1432710736989975,22429
31,0.8433870303728488,0.4462522184936888,0.4448454771035416,0.3895257632436346,0.1458016037940979,22429
32,0.8427776458649698,0.44631092672269423,0.44620971402632775,0.3907292804271326,0.14430519938468933,22429
33,0.842694123239265,0.4460379471115011,0.4446927374301676,0.38913275596156127,0.1486900895833969,22429
34,0.8423762723065562,0.4452269744432597,0.4427860696517413,0.39232823500849723,0.1446710228919983,22429
35,0.8437265265421611,0.44630706304800377,0.4447362661413876,0.38685178592618963,0.14847715198993683,22429
36,0.8433723256057506,0.4465656471017256,0.441709554710226,0.39287022341594435,0.14298804104328156,22429
37,0.8429876543154147,0.4467066907885913,0.4474263088429388,0.38857006217120993,0.14774677157402039,22429
38,0.8423196313042033,0.4460115647722162,0.44798621580874437,0.3855564793918518,0.14887556433677673,22429
39,0.8420172863960479,0.44539484249878425,0.44776119402985076,0.3878243997089498,0.14437443017959595,22429
40,0.8416869539035456,0.4446570788523503,0.44626672421234354,0.38417811463761253,0.14870013296604156,22429
