threshold,net_benefit_model,net_benefit_treat_all,net_benefit_treat_none
0.01,0.08908842390746473,0.08845092025068071,0.0
0.02,0.08219661549768775,0.07914939918080155,0.0
0.03,0.0767585415927642,0.06965609417133725,0.0
0.04,0.07180238604623522,0.059965011974175766,0.0
0.05,0.06772480318285462,0.050069906993916155,0.0
0.060000000000000005,0.06380513081180321,0.03996426786514038,0.0
0.06999999999999999,0.06019942987173073,0.02964130316370278,0.0
0.08,0.05665584038075454,0.019093926186146942,0.0
0.09,0.05366473426733723,0.008314738725567913,0.0
0.09999999999999999,0.05094490996612586,-0.0027039862341350918,0.0
0.11,0.04811238358897518,-0.01397032299068536,0.0
0.12,0.046291268902251256,-0.025492712855339036,0.0
0.13,0.044329925427730066,-0.03727998524561696,0.0
0.14,0.04256966586092948,-0.04934138024962226,0.0
0.15000000000000002,0.04062798233930762,-0.06168657278313361,0.0
0.16,0.03856047678475919,-0.07432569847220469,0.0
0.17,0.03664291682687247,-0.08726938140679558,0.0
0.18000000000000002,0.0351786545143041,-0.10052876392515697,0.0
0.19,0.03349059822287374,-0.11411553860446552,0.0
0.2,0.031823854519522195,-0.12804198265075684,0.0
0.21000000000000002,0.03028191581793275,-0.14232099490075176,0.0
0.22,0.02931872311440862,-0.15696613566997725,0.0
0.23,0.02850648192955199,-0.17199166970593588,0.0
0.24000000000000002,0.026686434395848776,-0.18741261253231456,0.0
0.25,0.025673025494740598,-0.20324478050072986,0.0
0.26,0.024840627755585855,-0.21950484490072408,0.0
0.27,0.02432673027936999,-0.23621039051715648,0.0
0.28,0.02280065767318397,-0.25337997906737864,0.0
0.29000000000000004,0.021634621420805092,-0.2710332179992972,0.0
0.3,0.02078292540050429,-0.28919083518641336,0.0
0.31,0.02013521230114128,-0.30787476011808373,0.0
0.32,0.01975816177781506,-0.3271082122536267,0.0
0.33,0.018827018411242062,-0.34691579728873817,0.0
0.34,0.017393582824140854,-0.36732361217339843,0.0
0.35000000000000003,0.016498210293895796,-0.38835935982374054,0.0
0.36000000000000004,0.016112497771438757,-0.41005247458815586,0.0
0.37,0.015297834828945542,-0.43243425966255256,0.0
0.38,0.014632301773072079,-0.45553803780386526,0.0
0.39,0.014125424887987398,-0.4793993168678441,0.0
0.4,0.013356510370238306,-0.5040559719006221,0.0
0.41000000000000003,0.01257361806539732,-0.5295484457480706,0.0
0.42000000000000004,0.011803689882639351,-0.5559199704178449,0.0
0.43,0.01160337552742616,-0.5832168117426989,0.0
0.44,0.011273336219850749,-0.6114885402577264,0.0
0.45,0.010701145885670758,-0.6407883316278458,0.0
0.46,0.010248080135760649,-0.6711733004561177,0.0
0.47000000000000003,0.010010865287257338,-0.702704871881683,0.0
0.48000000000000004,0.009617098893262201,-0.7354491960543853,0.0
0.49,0.008922984419298115,-0.769477611371115,0.0
0.5,0.008513103940096274,-0.8048671633005142,0.0
