client,n,mortality_%,mean_age,median_los_h,JS_div_vs_global
Medical Intensive Care Unit (MICU),13842,15.76,63.8,63.0,0.00445
Cardiac Vascular Intensive Care Unit (CVICU),12019,3.0,67.5,50.1,0.00946
Medical/Surgical Intensive Care Unit (MICU/SICU),10480,14.7,64.7,52.7,0.00318
Surgical Intensive Care Unit (SICU),8991,10.45,63.4,61.0,0.00012
Coronary Care Unit (CCU),7643,12.27,69.9,61.3,0.00098
Trauma SICU (TSICU),6978,10.1,61.4,59.7,5e-05
Neuro Intermediate,4485,1.94,64.1,89.6,0.01441
eICU_Hospital_73,4342,6.75,63.6,54.8,0.00129
eICU_Hospital_264,3754,8.42,63.0,64.4,0.00018
eICU_Hospital_420,3154,12.08,63.8,69.4,0.00086
eICU_Hospital_458,2523,11.45,61.7,56.9,0.0005
eICU_Hospital_443,2514,11.34,55.0,65.6,0.00044
eICU_Hospital_243,2509,8.73,63.8,58.6,9e-05
eICU_Hospital_338,2267,6.53,62.1,53.4,0.00152
eICU_Hospital_252,2230,12.65,63.3,58.1,0.00125
eICU_Hospital_208,2160,11.2,66.5,49.2,0.00038
eICU_Hospital_122,2091,9.9,62.8,59.4,2e-05
eICU_Hospital_167,1951,10.15,60.2,52.6,6e-05
eICU_Hospital_199,1880,10.8,62.8,66.4,0.00023
eICU_Hospital_281,1752,5.54,65.7,64.3,0.00287
eICU_Hospital_449,1548,10.27,57.4,63.6,8e-05
eICU_Hospital_176,1529,6.47,63.7,54.9,0.00158
eICU_Hospital_188,1502,7.99,64.6,55.6,0.00036
eICU_Hospital_416,1392,6.75,65.1,51.9,0.00128
Neuro Surgical Intensive Care Unit (Neuro SICU),1338,26.68,66.0,67.9,0.0257
eICU_Hospital_283,1335,6.97,71.0,55.0,0.00108
eICU_Hospital_394,1311,7.02,61.1,55.0,0.00103
eICU_Hospital_417,1300,8.92,62.8,51.6,5e-05
eICU_Hospital_411,1265,9.01,63.7,47.6,4e-05
eICU_Hospital_197,1244,7.48,65.4,60.6,0.00067
eICU_Hospital_110,1237,7.76,63.4,61.0,0.00049
eICU_Hospital_248,1231,7.07,64.9,52.8,0.00099
eICU_Hospital_300,1223,5.48,59.8,51.5,0.00297
eICU_Hospital_413,1194,6.53,64.7,45.3,0.00151
eICU_Hospital_183,1159,10.44,67.4,54.6,0.00012
eICU_Hospital_148,1125,7.91,71.2,48.4,0.0004
eICU_Hospital_400,1080,14.81,63.8,65.4,0.00331
eICU_Hospital_365,1035,3.29,60.8,58.0,0.00843
eICU_Hospital_142,1012,15.71,67.2,54.7,0.00439
Neuro Stepdown,998,2.2,63.5,77.7,0.013
eICU_Hospital_165,992,9.58,61.5,49.1,0.0
eICU_Hospital_141,987,7.8,69.2,49.0,0.00047
eICU_Hospital_277,964,6.12,64.9,52.6,0.00201
eICU_Hospital_217,882,11.79,63.8,71.9,0.00068
eICU_Hospital_435,881,10.44,66.0,50.7,0.00012
eICU_Hospital_382,865,5.55,63.8,51.9,0.00285
eICU_Hospital_390,843,13.05,66.4,56.3,0.00156
eICU_Hospital_195,840,5.12,62.0,63.6,0.00361
eICU_Hospital_227,827,9.43,64.3,51.4,0.0
eICU_Hospital_79,823,10.21,59.7,51.8,7e-05
eICU_Hospital_444,813,7.13,61.5,50.3,0.00093
eICU_Hospital_244,793,6.18,62.9,52.5,0.00194
eICU_Hospital_272,793,4.79,62.5,62.2,0.00427
eICU_Hospital_280,771,4.93,63.2,62.1,0.00399
eICU_Hospital_440,763,9.31,62.0,46.9,1e-05
eICU_Hospital_307,722,9.7,62.5,49.1,0.0
eICU_Hospital_388,721,11.37,61.6,72.8,0.00046
eICU_Hospital_157,716,13.13,67.6,54.1,0.00163
eICU_Hospital_318,696,12.07,62.1,48.8,0.00085
eICU_Hospital_403,693,8.8,67.7,48.0,8e-05
eICU_Hospital_391,655,12.98,61.7,49.5,0.00151
eICU_Hospital_171,638,6.74,59.6,43.6,0.0013
eICU_Hospital_152,634,9.15,69.3,46.8,2e-05
eICU_Hospital_184,625,11.84,68.5,60.0,0.00071
eICU_Hospital_226,622,12.38,64.0,69.7,0.00105
eICU_Hospital_384,605,11.74,67.1,51.6,0.00065
eICU_Hospital_301,604,5.46,64.4,51.8,0.003
eICU_Hospital_181,596,11.58,65.2,55.7,0.00056
eICU_Hospital_154,585,11.28,68.9,47.3,0.00042
eICU_Hospital_271,583,5.83,62.5,49.6,0.00242
eICU_Hospital_63,560,7.68,62.3,53.8,0.00054
eICU_Hospital_206,553,16.64,60.6,75.0,0.00564
eICU_Hospital_282,548,4.74,63.2,48.2,0.00437
eICU_Hospital_331,527,3.61,63.9,46.4,0.00737
eICU_Hospital_256,525,4.95,65.6,47.8,0.00394
eICU_Hospital_452,524,16.41,65.0,48.2,0.00533
eICU_Hospital_392,522,14.37,63.5,71.2,0.00282
eICU_Hospital_66,510,4.12,64.6,48.1,0.00588
