level,n_ts,n_tab,n_param,seed,auroc,auprc,brier,calib_slope,cent_auroc,cent_auprc,gap_auprc,fl_gain_auprc
L1 vitals,7,3,89409,2026,0.7568972820206763,0.2799511448602671,0.07962751,0.9899954199790955,0.7939308042703224,0.33268604953417946,0.05273490467391234,0.0688465114139283
L1 vitals,7,3,89409,101,0.7580912392527887,0.28215793795958094,0.07950437,1.0001986026763916,0.7916424821341315,0.33272574257581417,0.050567804616233225,0.06994583265874257
L1 vitals,7,3,89409,42,0.7574038626615931,0.28334406202528495,0.07945577,0.9896247982978821,0.7903820096815746,0.32867359452707157,0.04532953250178662,0.06517698112121553
L1 vitals,7,3,89409,7,0.7584265116130994,0.28255868000211465,0.07946722,0.9862902164459229,0.7899438733829982,0.33014477374652795,0.047586093744413305,0.07139477246767759
L2 vitals+labs,22,3,100929,42,0.8254173903412093,0.40965340349981594,0.07158405,1.0069656372070312,0.8505433343615214,0.4486095906894671,0.03895618718965116,0.11906333210155316
L2 vitals+labs,22,3,100929,101,0.8241988170624537,0.4067426233591333,0.071794465,1.00521981716156,0.8518148964446238,0.45505858926106996,0.04831596590193665,0.12190003257698805
L1 vitals,7,3,89409,1234,0.7598474960324957,0.2831961213665967,0.07938083,1.0108617544174194,0.7907666833563914,0.3320151089248952,0.0488189875582985,0.0686479887019247
L2 vitals+labs,22,3,100929,2026,0.8243207804356264,0.4056796989400635,0.07180743,0.9966309070587158,0.8556291540001764,0.45700458096712077,0.05132488202705726,0.11296706273586829
L3 all series,43,3,117057,42,0.840905407527226,0.4326903782968711,0.06981548,1.0059715509414673,0.8724407067463287,0.49291618466249204,0.060225806365620915,0.12353300721812598
L2 vitals+labs,22,3,100929,1234,0.8260904846615292,0.41167800828867196,0.07148121,1.010685682296753,0.8572004181433756,0.462497299981741,0.050819291693069035,0.12270772002934957
L3 all series,43,3,117057,101,0.8428540462699999,0.4401312462744807,0.06934625,1.0145316123962402,0.8643777217963903,0.48193704335157256,0.041805797077091866,0.14401780572424086
L2 vitals+labs,22,3,100929,7,0.824067467552339,0.407485423231708,0.07175627,1.0079442262649536,0.8568742160403982,0.4594179872841258,0.05193256405241781,0.12189309144924838
L3 all series,43,3,117057,2026,0.8427758322226216,0.4351479827572237,0.06962948,1.0068085193634033,0.8658594791962028,0.48304989140521415,0.04790190864799043,0.13237931120097576
L3 all series,43,3,117057,7,0.8426420684897837,0.43694830918070526,0.06952852,1.0098481178283691,0.869944152259567,0.48323867437812534,0.04629036519742008,0.12943580286832942
L4 +tabular,43,178,139457,42,0.8455983744654838,0.4420672115340508,0.06920713,1.018250584602356,0.8724056215469422,0.4972819517615405,0.05521474022748968,0.1275252684690337
L3 all series,43,3,117057,1234,0.8423754886629342,0.4360120436982867,0.06965741,1.0060864686965942,0.8705868657303859,0.49001705322185785,0.054005009523571124,0.13769500172434757
L4 +tabular,43,178,139457,101,0.8451310193031095,0.44046896188692203,0.0692475,1.0100998878479004,0.8657963596815509,0.48880354842391405,0.04833458653699202,0.12049430371396253
L4 +tabular,43,178,139457,2026,0.8449581090616315,0.44221451316062654,0.0691688,1.001551628112793,0.8717966395057584,0.493743213729064,0.05152870056843745,0.1404763159692803
L4 +tabular,43,178,139457,7,0.8444118516855889,0.43970525838625757,0.069300145,1.0064324140548706,0.8712155902471088,0.490348500989597,0.05064324260333941,0.12552968598637615
L4 +tabular,43,178,139457,1234,0.8439420258934187,0.4403689393340586,0.069319025,0.994598388671875,0.8703318042278364,0.4904413745786669,0.050072435244608304,0.11533278281977118
L5 +comorbidity,43,197,141889,42,0.8455491987792696,0.44176435850690543,0.069174856,1.0099834203720093,0.8720930361113793,0.49522058790421036,0.05345622939730493,0.1334615175600152
L5 +comorbidity,43,197,141889,101,0.8467583295140105,0.4397930058729186,0.06916908,1.002585530281067,0.8720493431926579,0.4883900447072327,0.0485970388343141,0.14066732937629967
L5 +comorbidity,43,197,141889,2026,0.8462982395826346,0.4400903843236056,0.06915272,1.0037273168563843,0.8701376849269222,0.4939573963420662,0.053867012018460614,0.13021212340398586
L5 +comorbidity,43,197,141889,7,0.8463117434359033,0.44337025267876673,0.0689616,1.0051172971725464,0.8709379659153719,0.4897465756231174,0.04637632294435068,0.12221457073179402
L5 +comorbidity,43,197,141889,1234,0.8437966310221348,0.4380734016342892,0.06939648,0.9986868500709534,0.8708717214488776,0.49189167420784397,0.05381827257355476,0.1334621686369986
