algorithm,seed,auroc,auprc,brier,calib_slope
FedAvg,7,0.8492352543393791,0.44374276376454097,0.069096714,0.9770325422286987
FedAvg,42,0.8501707656445637,0.4452600130167609,0.06897077,0.9683904647827148
FedAvg,2026,0.8488227719775887,0.447398596403122,0.06887376,0.966946542263031
FedAvg,101,0.8491321422099926,0.4426097596966631,0.06917306,0.9805895686149597
FedAvg,314,0.8494821819420068,0.4446008371986193,0.069039956,0.9511184692382812
FedAvg,1234,0.8500258784369366,0.4488019222734186,0.06877279,0.9627242088317871
FedAvg,77,0.8483113290469825,0.4449066605979316,0.06908766,0.9648236632347107
FedAvg,11,0.8481780504149723,0.45057417186895704,0.06882238,0.981471061706543
FedAvg,1618,0.8491568033822945,0.45009559418458506,0.06873376,0.983592689037323
FedAvg,2718,0.8519223857628728,0.4428642839456295,0.06899546,0.9735606908798218
FedProx mu=0.001,42,0.8499663125678817,0.4448364057544435,0.069012016,0.9683645367622375
FedProx mu=0.001,101,0.8497889010419808,0.4454259358883566,0.06901003,0.9791281819343567
FedProx mu=0.001,7,0.8489338262228495,0.44346079890373746,0.06912434,0.9749242663383484
FedProx mu=0.001,2026,0.8499128950697804,0.4483895242243084,0.06877471,0.9689363241195679
FedProx mu=0.001,1234,0.8505669350808517,0.44858673628880974,0.06877674,0.9636206030845642
FedProx mu=0.001,11,0.849269470869842,0.4525198100567715,0.068639144,0.9824001789093018
FedProx mu=0.001,314,0.849272415319051,0.44364452532133375,0.06911758,0.9526665806770325
FedProx mu=0.001,77,0.8484410089077372,0.4454864311848784,0.06905691,0.965238630771637
FedProx mu=0.001,2718,0.8523030432540942,0.44677807176997614,0.06880364,0.9741050004959106
FedProx mu=0.01,42,0.8483427929122844,0.4453973415460779,0.06903929,0.9634281396865845
FedProx mu=0.001,1618,0.8494664443686485,0.45023762877914464,0.06866529,0.9865798354148865
FedProx mu=0.01,101,0.850390290691143,0.44710922093441946,0.06885869,0.9759750366210938
FedProx mu=0.01,2026,0.851876842692158,0.4520421575576211,0.06854633,0.9757618308067322
FedProx mu=0.01,1234,0.8508277275420146,0.4498118339574896,0.06867564,0.9618516564369202
FedProx mu=0.01,7,0.8493041950639615,0.447330008856899,0.06891328,0.971871554851532
FedProx mu=0.01,11,0.8493916034642336,0.4513904461247589,0.06866266,0.9741265177726746
FedProx mu=0.01,77,0.849108778400369,0.4473685998636075,0.06891396,0.9703108668327332
FedProx mu=0.01,314,0.8498770088899578,0.44647070476628714,0.06890892,0.9538509845733643
FedProx mu=0.01,2718,0.8506023925669196,0.44855030284208797,0.06877422,0.9692423343658447
FedProx mu=0.01,1618,0.8495776791165425,0.451102658936922,0.06865494,0.9783243536949158
FedProx mu=0.1,42,0.8500593729568652,0.4476623739315271,0.06879214,0.9736125469207764
FedProx mu=0.1,101,0.8494149785552717,0.4463913078683611,0.06885857,0.9754298329353333
FedProx mu=0.1,2026,0.8506233083095764,0.4499152881896436,0.06861406,0.97457355260849
FedProx mu=0.1,7,0.8482731640214118,0.4464865854275281,0.06897223,0.9690631031990051
FedProx mu=0.1,1234,0.8498342523286476,0.45054185146752734,0.06865393,0.9646286368370056
FedProx mu=0.1,11,0.8479041151058073,0.4421094405637608,0.06920032,0.9644883275032043
FedProx mu=0.1,77,0.8488727937698974,0.44807743662377253,0.0688653,0.9695549607276917
FedProx mu=0.1,314,0.8494351835688091,0.4457487483427881,0.0689031,0.955976665019989
FedAdam slr=0.003,42,0.8486986989798873,0.44539307727026556,0.06899904,0.975476086139679
FedAdam slr=0.003,101,0.8467804974936872,0.44026586665515743,0.06938001,0.9749684929847717
FedProx mu=0.1,2718,0.8494096086019252,0.4457171067974636,0.068956904,0.9716579914093018
FedProx mu=0.1,1618,0.8497442040773604,0.44905967042824435,0.0687532,0.9742202162742615
FedAdam slr=0.003,7,0.8475961663316425,0.44143184383723755,0.06926993,0.9742952585220337
FedAdam slr=0.003,2026,0.849862286643913,0.44366918970777725,0.06905761,0.9762352108955383
FedAdam slr=0.003,1234,0.8481448379304084,0.44463314893819433,0.069098465,0.9635399580001831
FedAdam slr=0.003,11,0.8464130054132967,0.4438542142854386,0.0692165,0.9702140092849731
FedAdam slr=0.003,314,0.8466349672454282,0.4400007983246305,0.069413915,0.955818772315979
FedAdam slr=0.003,77,0.8468275184297137,0.4422458462448253,0.06926793,0.9677587747573853
FedAdam slr=0.003,2718,0.848754767610418,0.44185850673274973,0.069277,0.9676726460456848
FedAdam slr=0.01,42,0.8450422684145008,0.4363688480535765,0.06970967,0.9702523350715637
FedAdam slr=0.01,101,0.841247899992877,0.4327504383206016,0.07003772,0.9629366993904114
FedAdam slr=0.003,1618,0.848937176802984,0.4495120615680189,0.06877195,0.9842224717140198
FedAdam slr=0.01,2026,0.8472351272203997,0.4323985493985962,0.06975053,0.9849231243133545
FedAdam slr=0.01,7,0.8461682551236858,0.4385677125243534,0.0694655,0.9882811307907104
FedAdam slr=0.01,1234,0.8474125274648858,0.43869799346827026,0.06942064,0.971710205078125
FedAdam slr=0.01,11,0.8424223290963273,0.4344597101262708,0.069950856,0.9660612344741821
FedAdam slr=0.01,77,0.8438655604653025,0.4347665667058739,0.0698626,0.9680266976356506
FedAdam slr=0.01,314,0.8450098456289584,0.4332957804031003,0.06996175,0.9558863043785095
FedAdam slr=0.01,2718,0.8449823528215934,0.43298711021615616,0.06987539,0.96126389503479
FedAdam slr=0.01,1618,0.8472703703595904,0.4457744087582529,0.06913322,0.9766508936882019
FedAdam slr=0.03,42,0.8382202503512863,0.4257996787175966,0.070458405,0.9756644368171692
FedAdam slr=0.03,2026,0.8419653979610378,0.42458241040703504,0.07047168,0.9858640432357788
FedAdam slr=0.03,101,0.8421172909271275,0.42930179615450126,0.07024466,0.9644376635551453
FedAdam slr=0.03,7,0.8379546632889209,0.43166491426978526,0.070269786,0.9977759718894958
FedAdam slr=0.03,1234,0.8406982469110416,0.43594145863239064,0.06986625,0.9779638648033142
FedAdam slr=0.03,11,0.8437140285044794,0.4333313629303403,0.06997325,0.9736757278442383
FedAdam slr=0.03,77,0.8443199081566499,0.4290025583288103,0.07006928,0.9878923892974854
FedAdam slr=0.03,314,0.8379900756493306,0.4225745825734543,0.07090849,0.955595076084137
FedAdam slr=0.03,2718,0.8386115123722259,0.42150750068787485,0.07070721,0.9677549600601196
FedAdam slr=0.03,1618,0.8397368898850228,0.43114542068193734,0.07012717,0.9717339873313904
