variant,seed,auroc,auprc,brier,calib_slope
no comorbidities,42,0.8455983744654838,0.4420672115340508,0.06920713,1.018250584602356
no comorbidities,7,0.8444118516855889,0.43970525838625757,0.069300145,1.0064324140548706
no comorbidities,101,0.8451310193031095,0.44046896188692203,0.0692475,1.0100998878479004
no comorbidities,2026,0.8449581090616315,0.44221451316062654,0.0691688,1.001551628112793
prior admissions (valid),42,0.8455491987792696,0.44176435850690543,0.069174856,1.0099834203720093
no comorbidities,1234,0.8439420258934187,0.4403689393340586,0.069319025,0.994598388671875
prior admissions (valid),2026,0.8462982395826346,0.4400903843236056,0.06915272,1.0037273168563843
prior admissions (valid),101,0.8467583295140105,0.4397930058729186,0.06916908,1.002585530281067
prior admissions (valid),7,0.8463117434359033,0.44337025267876673,0.0689616,1.0051172971725464
current admission (LEAKY),42,0.8502772057912555,0.44571183582440577,0.06900059,0.9836663603782654
prior admissions (valid),1234,0.8437966310221348,0.4380734016342892,0.06939648,0.9986868500709534
current admission (LEAKY),101,0.8472741157892354,0.4405653538545774,0.06928889,0.9614861607551575
current admission (LEAKY),7,0.8476247308733939,0.44425769470545756,0.06917963,0.9671940207481384
current admission (LEAKY),2026,0.8487875626826419,0.44573781560530285,0.06898447,0.9756851196289062
current admission (LEAKY),1234,0.850682050635366,0.44455406357830096,0.06900967,0.9712702631950378
