method,scope,N,events,AUROC (95% CI),AUPRC (95% CI),Sensitivity (95% CI),Specificity (95% CI),F1 (95% CI),Brier (95% CI),Calib. slope,ECE
centralized (upper bound),global,22436,2189,0.872 (0.864-0.879),0.495 (0.474-0.516),0.547 (0.526-0.567),0.918 (0.914-0.922),0.475 (0.458-0.491),0.065 (0.064-0.067),1.019,0.0063
federated fedadam,global,22436,2189,0.843 (0.834-0.851),0.431 (0.411-0.452),0.561 (0.540-0.582),0.895 (0.890-0.899),0.442 (0.427-0.457),0.070 (0.069-0.071),1.003,0.0051
federated fedadam,Medical Intensive Care Unit (MICU),2048,327,0.893 (0.874-0.911),0.660 (0.614-0.710),0.765 (0.719-0.810),0.856 (0.838-0.873),0.607 (0.572-0.639),0.086 (0.080-0.091),1.267,0.0344
local-only (lower bound),Medical Intensive Care Unit (MICU),2048,327,0.837 (0.814-0.860),0.527 (0.480-0.579),0.523 (0.471-0.575),0.915 (0.901-0.927),0.530 (0.487-0.574),0.103 (0.098-0.107),1.166,0.0268
federated fedadam,Cardiac Vascular Intensive Care Unit (CVICU),1803,54,0.902 (0.853-0.943),0.441 (0.315-0.566),0.444 (0.315-0.574),0.980 (0.973-0.986),0.425 (0.308-0.531),0.022 (0.020-0.025),1.144,0.0067
local-only (lower bound),Cardiac Vascular Intensive Care Unit (CVICU),1803,54,0.890 (0.840-0.933),0.334 (0.230-0.465),0.426 (0.296-0.556),0.971 (0.963-0.978),0.359 (0.256-0.453),0.024 (0.022-0.026),1.142,0.0050
federated fedadam,Medical/Surgical Intensive Care Unit (MICU/SICU),1565,231,0.869 (0.846-0.893),0.572 (0.511-0.634),0.615 (0.554-0.675),0.896 (0.880-0.911),0.555 (0.508-0.603),0.089 (0.082-0.095),1.027,0.0174
local-only (lower bound),Medical/Surgical Intensive Care Unit (MICU/SICU),1565,231,0.834 (0.805-0.861),0.499 (0.442-0.564),0.511 (0.446-0.576),0.918 (0.903-0.931),0.514 (0.461-0.570),0.097 (0.090-0.103),0.892,0.0142
federated fedadam,Surgical Intensive Care Unit (SICU),1347,141,0.887 (0.860-0.912),0.529 (0.458-0.612),0.660 (0.582-0.738),0.896 (0.879-0.913),0.518 (0.466-0.575),0.067 (0.061-0.073),0.958,0.0117
local-only (lower bound),Surgical Intensive Care Unit (SICU),1347,141,0.850 (0.814-0.885),0.470 (0.397-0.565),0.589 (0.511-0.674),0.910 (0.895-0.926),0.500 (0.442-0.561),0.071 (0.066-0.076),1.179,0.0157
federated fedadam,Coronary Care Unit (CCU),1160,141,0.865 (0.835-0.895),0.543 (0.466-0.623),0.617 (0.532-0.702),0.885 (0.865-0.904),0.504 (0.444-0.561),0.077 (0.070-0.085),1.047,0.0148
local-only (lower bound),Coronary Care Unit (CCU),1160,141,0.825 (0.786-0.858),0.406 (0.339-0.487),0.461 (0.376-0.539),0.916 (0.899-0.932),0.445 (0.375-0.510),0.088 (0.082-0.093),1.088,0.0125
federated fedadam,Trauma SICU (TSICU),1041,106,0.878 (0.844-0.908),0.540 (0.457-0.629),0.642 (0.547-0.726),0.910 (0.891-0.927),0.527 (0.462-0.591),0.065 (0.059-0.071),1.100,0.0155
local-only (lower bound),Trauma SICU (TSICU),1041,106,0.849 (0.813-0.880),0.471 (0.389-0.557),0.481 (0.387-0.575),0.895 (0.876-0.913),0.400 (0.330-0.463),0.071 (0.066-0.077),1.033,0.0147
federated fedadam,Neuro Intermediate,673,13,0.859 (0.771-0.937),0.118 (0.070-0.236),0.000 (0.000-0.000),0.989 (0.980-0.997),0.000 (0.000-0.000),0.018 (0.017-0.019),1.039,0.0027
local-only (lower bound),Neuro Intermediate,673,13,0.816 (0.742-0.889),0.070 (0.044-0.172),0.154 (0.000-0.385),0.968 (0.953-0.980),0.111 (0.000-0.263),0.019 (0.018-0.019),0.965,0.0020
federated fedadam,eICU_Hospital_73,645,44,0.799 (0.733-0.860),0.333 (0.223-0.472),0.068 (0.000-0.136),0.998 (0.995-1.000),0.125 (0.000-0.240),0.056 (0.052-0.060),1.155,0.0097
local-only (lower bound),eICU_Hospital_73,645,44,0.757 (0.690-0.815),0.185 (0.132-0.285),0.182 (0.068-0.295),0.962 (0.945-0.977),0.213 (0.088-0.338),0.060 (0.057-0.064),0.821,0.0174
federated fedadam,eICU_Hospital_264,571,47,0.754 (0.684-0.819),0.249 (0.169-0.364),0.191 (0.085-0.298),0.956 (0.937-0.971),0.228 (0.107-0.349),0.070 (0.065-0.075),0.888,0.0093
local-only (lower bound),eICU_Hospital_264,571,47,0.762 (0.684-0.831),0.276 (0.195-0.417),0.362 (0.234-0.489),0.935 (0.912-0.956),0.347 (0.225-0.458),0.068 (0.061-0.074),0.829,0.0251
federated fedadam,eICU_Hospital_420,491,57,0.839 (0.781-0.893),0.563 (0.457-0.676),0.456 (0.333-0.579),0.935 (0.910-0.956),0.468 (0.358-0.577),0.075 (0.064-0.086),0.841,0.0313
local-only (lower bound),eICU_Hospital_420,491,57,0.836 (0.778-0.890),0.501 (0.390-0.622),0.526 (0.404-0.649),0.922 (0.896-0.947),0.496 (0.397-0.594),0.080 (0.071-0.088),1.147,0.0315
federated fedadam,eICU_Hospital_458,375,43,0.791 (0.718-0.862),0.354 (0.258-0.504),0.465 (0.326-0.605),0.877 (0.840-0.910),0.385 (0.277-0.495),0.090 (0.078-0.102),0.758,0.0282
local-only (lower bound),eICU_Hospital_458,375,43,0.799 (0.723-0.869),0.389 (0.281-0.532),0.605 (0.465-0.744),0.813 (0.771-0.855),0.397 (0.308-0.487),0.086 (0.078-0.094),1.146,0.0236
federated fedadam,eICU_Hospital_443,393,43,0.745 (0.668-0.817),0.309 (0.212-0.443),0.442 (0.302-0.581),0.869 (0.834-0.903),0.352 (0.245-0.452),0.094 (0.081-0.108),0.443,0.0534
local-only (lower bound),eICU_Hospital_443,393,43,0.683 (0.592-0.768),0.289 (0.192-0.417),0.186 (0.070-0.302),0.966 (0.946-0.983),0.254 (0.115-0.394),0.100 (0.086-0.113),0.416,0.0642
federated fedadam,eICU_Hospital_243,370,33,0.795 (0.731-0.859),0.363 (0.238-0.519),0.545 (0.364-0.697),0.769 (0.724-0.813),0.279 (0.195-0.360),0.070 (0.062-0.076),1.152,0.0181
local-only (lower bound),eICU_Hospital_243,370,33,0.743 (0.657-0.822),0.234 (0.164-0.384),0.485 (0.333-0.636),0.843 (0.804-0.881),0.314 (0.212-0.411),0.076 (0.070-0.081),1.000,0.0092
federated fedadam,eICU_Hospital_338,335,22,0.792 (0.683-0.882),0.331 (0.188-0.534),0.273 (0.091-0.455),0.952 (0.930-0.974),0.279 (0.103-0.445),0.053 (0.047-0.059),1.057,0.0128
local-only (lower bound),eICU_Hospital_338,335,22,0.727 (0.615-0.825),0.235 (0.121-0.423),0.455 (0.227-0.636),0.821 (0.776-0.863),0.227 (0.122-0.325),0.060 (0.052-0.068),0.584,0.0317
federated fedadam,eICU_Hospital_252,341,42,0.825 (0.758-0.884),0.460 (0.341-0.591),0.690 (0.548-0.810),0.793 (0.746-0.839),0.436 (0.355-0.515),0.086 (0.077-0.095),1.192,0.0300
local-only (lower bound),eICU_Hospital_252,341,42,0.780 (0.708-0.845),0.388 (0.277-0.520),0.524 (0.381-0.667),0.856 (0.816-0.893),0.411 (0.309-0.519),0.095 (0.084-0.105),0.892,0.0432
federated fedadam,eICU_Hospital_208,339,36,0.781 (0.694-0.852),0.349 (0.238-0.502),0.222 (0.083-0.361),0.974 (0.954-0.990),0.308 (0.139-0.453),0.084 (0.074-0.094),0.776,0.0257
local-only (lower bound),eICU_Hospital_208,339,36,0.733 (0.650-0.806),0.215 (0.164-0.325),0.333 (0.194-0.500),0.868 (0.828-0.904),0.273 (0.157-0.386),0.091 (0.085-0.098),0.913,0.0266
federated fedadam,eICU_Hospital_122,320,31,0.825 (0.735-0.901),0.544 (0.382-0.703),0.677 (0.516-0.839),0.820 (0.775-0.862),0.404 (0.306-0.495),0.063 (0.050-0.076),0.971,0.0318
local-only (lower bound),eICU_Hospital_122,320,31,0.853 (0.769-0.925),0.521 (0.377-0.683),0.774 (0.613-0.903),0.830 (0.785-0.872),0.462 (0.371-0.549),0.069 (0.061-0.076),1.723,0.0344
federated fedadam,eICU_Hospital_167,286,30,0.902 (0.840-0.949),0.604 (0.456-0.761),0.633 (0.433-0.800),0.930 (0.898-0.957),0.567 (0.432-0.689),0.068 (0.059-0.076),1.892,0.0423
local-only (lower bound),eICU_Hospital_167,286,30,0.847 (0.775-0.912),0.483 (0.330-0.668),0.467 (0.300-0.667),0.938 (0.906-0.965),0.467 (0.308-0.615),0.075 (0.067-0.083),1.647,0.0268
federated fedadam,eICU_Hospital_199,282,30,0.827 (0.729-0.912),0.595 (0.450-0.758),0.633 (0.467-0.800),0.921 (0.889-0.952),0.551 (0.427-0.676),0.069 (0.059-0.080),1.248,0.0412
local-only (lower bound),eICU_Hospital_199,282,30,0.783 (0.690-0.867),0.354 (0.243-0.544),0.467 (0.300-0.633),0.897 (0.857-0.933),0.400 (0.265-0.541),0.082 (0.074-0.090),1.058,0.0110
federated fedadam,eICU_Hospital_281,277,15,0.839 (0.725-0.934),0.284 (0.169-0.549),0.533 (0.267-0.800),0.927 (0.897-0.958),0.381 (0.217-0.546),0.046 (0.043-0.049),1.560,0.0158
local-only (lower bound),eICU_Hospital_281,277,15,0.756 (0.610-0.881),0.200 (0.111-0.422),0.533 (0.267-0.800),0.866 (0.824-0.905),0.276 (0.156-0.400),0.049 (0.047-0.051),1.802,0.0177
federated fedadam,eICU_Hospital_449,238,24,0.872 (0.807-0.927),0.430 (0.305-0.643),0.458 (0.250-0.667),0.921 (0.883-0.953),0.423 (0.261-0.577),0.073 (0.057-0.089),0.772,0.0349
local-only (lower bound),eICU_Hospital_449,238,24,0.770 (0.663-0.869),0.345 (0.215-0.538),0.625 (0.417-0.792),0.729 (0.673-0.790),0.309 (0.220-0.400),0.080 (0.071-0.090),0.907,0.0200
federated fedadam,eICU_Hospital_176,226,15,0.800 (0.635-0.946),0.578 (0.358-0.807),0.733 (0.533-0.933),0.886 (0.844-0.924),0.440 (0.308-0.571),0.046 (0.036-0.055),1.159,0.0295
local-only (lower bound),eICU_Hospital_176,226,15,0.821 (0.675-0.937),0.358 (0.211-0.651),0.600 (0.333-0.867),0.891 (0.848-0.929),0.383 (0.244-0.531),0.052 (0.044-0.059),1.249,0.0339
federated fedadam,eICU_Hospital_188,221,18,0.831 (0.736-0.911),0.409 (0.249-0.617),0.333 (0.111-0.556),0.966 (0.936-0.985),0.387 (0.176-0.600),0.064 (0.051-0.076),0.896,0.0340
local-only (lower bound),eICU_Hospital_188,221,18,0.779 (0.651-0.888),0.244 (0.169-0.425),0.111 (0.000-0.278),0.951 (0.921-0.980),0.133 (0.000-0.303),0.069 (0.062-0.076),0.970,0.0286
federated fedadam,eICU_Hospital_416,213,14,0.828 (0.732-0.908),0.300 (0.160-0.539),0.286 (0.071-0.571),0.960 (0.930-0.985),0.308 (0.087-0.538),0.056 (0.047-0.063),1.079,0.0153
local-only (lower bound),eICU_Hospital_416,213,14,0.846 (0.757-0.929),0.318 (0.191-0.588),0.500 (0.214-0.786),0.935 (0.899-0.965),0.412 (0.214-0.600),0.053 (0.045-0.062),1.017,0.0337
federated fedadam,Neuro Surgical Intensive Care Unit (Neuro SICU),200,54,0.871 (0.813-0.920),0.725 (0.621-0.826),0.833 (0.722-0.926),0.822 (0.760-0.884),0.720 (0.640-0.793),0.125 (0.100-0.151),0.846,0.0835
local-only (lower bound),Neuro Surgical Intensive Care Unit (Neuro SICU),200,54,0.846 (0.782-0.906),0.677 (0.563-0.805),0.778 (0.667-0.889),0.753 (0.678-0.829),0.636 (0.558-0.717),0.135 (0.106-0.164),0.865,0.0720
federated fedadam,eICU_Hospital_283,195,14,0.865 (0.792-0.933),0.312 (0.196-0.589),0.500 (0.214-0.786),0.939 (0.901-0.972),0.438 (0.229-0.643),0.061 (0.049-0.075),0.963,0.0246
local-only (lower bound),eICU_Hospital_283,195,14,0.755 (0.620-0.884),0.267 (0.140-0.539),0.214 (0.000-0.429),0.961 (0.934-0.989),0.250 (0.000-0.480),0.061 (0.056-0.066),1.156,0.0107
federated fedadam,eICU_Hospital_394,199,14,0.868 (0.757-0.946),0.397 (0.230-0.652),0.357 (0.143-0.643),0.957 (0.924-0.984),0.370 (0.148-0.593),0.055 (0.048-0.062),1.706,0.0497
local-only (lower bound),eICU_Hospital_394,199,14,0.791 (0.692-0.873),0.200 (0.133-0.396),0.286 (0.071-0.500),0.886 (0.832-0.930),0.205 (0.053-0.368),0.062 (0.057-0.066),1.176,0.0071
federated fedadam,eICU_Hospital_417,188,17,0.842 (0.741-0.924),0.367 (0.239-0.612),0.294 (0.118-0.529),0.959 (0.930-0.982),0.345 (0.138-0.571),0.072 (0.064-0.079),1.346,0.0309
local-only (lower bound),eICU_Hospital_417,188,17,0.656 (0.503-0.800),0.200 (0.119-0.407),0.118 (0.000-0.294),0.971 (0.942-0.994),0.167 (0.000-0.370),0.080 (0.075-0.085),0.648,0.0220
federated fedadam,eICU_Hospital_411,194,17,0.857 (0.731-0.952),0.467 (0.295-0.700),0.765 (0.529-0.941),0.887 (0.836-0.932),0.520 (0.385-0.653),0.067 (0.060-0.073),2.014,0.0439
local-only (lower bound),eICU_Hospital_411,194,17,0.762 (0.650-0.860),0.244 (0.155-0.449),0.471 (0.235-0.706),0.797 (0.734-0.853),0.262 (0.133-0.386),0.074 (0.068-0.080),1.085,0.0232
federated fedadam,eICU_Hospital_197,182,14,0.735 (0.600-0.851),0.242 (0.119-0.454),0.143 (0.000-0.357),0.964 (0.935-0.988),0.182 (0.000-0.414),0.067 (0.057-0.076),0.744,0.0177
local-only (lower bound),eICU_Hospital_197,182,14,0.668 (0.507-0.815),0.162 (0.102-0.339),0.143 (0.000-0.357),0.935 (0.893-0.970),0.148 (0.000-0.333),0.069 (0.066-0.072),1.114,0.0184
federated fedadam,eICU_Hospital_110,186,14,0.806 (0.701-0.898),0.219 (0.149-0.417),0.071 (0.000-0.214),0.965 (0.936-0.988),0.095 (0.000-0.286),0.066 (0.060-0.072),1.089,0.0228
local-only (lower bound),eICU_Hospital_110,186,14,0.802 (0.689-0.899),0.348 (0.170-0.581),0.286 (0.071-0.500),0.930 (0.890-0.965),0.267 (0.071-0.474),0.062 (0.055-0.069),1.032,0.0096
federated fedadam,eICU_Hospital_248,196,13,0.830 (0.699-0.930),0.378 (0.192-0.617),0.308 (0.077-0.538),0.929 (0.891-0.962),0.267 (0.069-0.467),0.056 (0.042-0.071),0.562,0.0404
local-only (lower bound),eICU_Hospital_248,196,13,0.855 (0.794-0.910),0.267 (0.159-0.460),0.231 (0.000-0.462),0.923 (0.880-0.962),0.200 (0.000-0.385),0.059 (0.050-0.067),0.811,0.0369
federated fedadam,eICU_Hospital_300,180,10,0.824 (0.715-0.912),0.263 (0.120-0.511),0.100 (0.000-0.300),0.953 (0.918-0.982),0.105 (0.000-0.316),0.047 (0.037-0.056),0.798,0.0244
local-only (lower bound),eICU_Hospital_300,180,10,0.756 (0.631-0.865),0.216 (0.090-0.446),0.300 (0.000-0.600),0.888 (0.841-0.935),0.187 (0.000-0.370),0.051 (0.047-0.055),0.972,0.0100
federated fedadam,eICU_Hospital_413,178,12,0.686 (0.555-0.805),0.151 (0.086-0.373),0.167 (0.000-0.417),0.940 (0.904-0.976),0.167 (0.000-0.381),0.064 (0.057-0.070),0.479,0.0507
local-only (lower bound),eICU_Hospital_413,178,12,0.656 (0.457-0.842),0.250 (0.112-0.542),0.333 (0.083-0.583),0.934 (0.892-0.970),0.296 (0.083-0.500),0.059 (0.046-0.073),0.514,0.0384
federated fedadam,eICU_Hospital_183,180,18,0.726 (0.595-0.840),0.231 (0.152-0.417),0.556 (0.333-0.778),0.778 (0.716-0.840),0.312 (0.185-0.436),0.094 (0.075-0.114),0.494,0.0639
local-only (lower bound),eICU_Hospital_183,180,18,0.629 (0.484-0.761),0.157 (0.110-0.288),0.222 (0.056-0.444),0.901 (0.852-0.944),0.211 (0.054-0.389),0.094 (0.083-0.105),0.393,0.0646
federated fedadam,eICU_Hospital_148,161,13,0.764 (0.602-0.906),0.522 (0.283-0.775),0.538 (0.308-0.769),0.892 (0.838-0.939),0.389 (0.216-0.564),0.056 (0.037-0.075),0.726,0.0432
local-only (lower bound),eICU_Hospital_148,161,13,0.714 (0.526-0.884),0.400 (0.197-0.694),0.538 (0.308-0.769),0.912 (0.865-0.953),0.424 (0.235-0.615),0.063 (0.048-0.077),0.822,0.0249
federated fedadam,eICU_Hospital_400,166,24,0.826 (0.715-0.915),0.531 (0.371-0.739),0.625 (0.417-0.833),0.845 (0.782-0.901),0.492 (0.351-0.623),0.095 (0.079-0.111),1.326,0.0551
local-only (lower bound),eICU_Hospital_400,166,24,0.763 (0.662-0.855),0.403 (0.274-0.600),0.417 (0.208-0.625),0.852 (0.789-0.908),0.364 (0.211-0.525),0.110 (0.099-0.120),1.315,0.0284
federated fedadam,eICU_Hospital_365,152,5,0.703 (0.395-0.901),0.089 (0.049-0.213),0.000 (0.000-0.000),0.980 (0.952-1.000),0.000 (0.000-0.000),0.032 (0.031-0.034),0.540,0.0111
local-only (lower bound),eICU_Hospital_365,152,5,0.697 (0.389-0.931),0.136 (0.044-0.499),0.200 (0.000-0.600),0.932 (0.891-0.973),0.125 (0.000-0.375),0.032 (0.031-0.032),4.366,0.0004
federated fedadam,eICU_Hospital_142,150,24,0.823 (0.729-0.907),0.523 (0.361-0.724),0.625 (0.417-0.792),0.825 (0.754-0.889),0.492 (0.353-0.621),0.105 (0.084-0.126),0.938,0.0499
local-only (lower bound),eICU_Hospital_142,150,24,0.726 (0.604-0.832),0.390 (0.253-0.580),0.417 (0.208-0.625),0.849 (0.778-0.913),0.377 (0.213-0.526),0.121 (0.108-0.135),1.073,0.0444
federated fedadam,Neuro Stepdown,151,3,0.845 (0.649-0.975),0.133 (0.053-0.444),0.333 (0.000-1.000),0.966 (0.939-0.993),0.222 (0.000-0.571),0.023 (0.017-0.031),0.571,0.0249
local-only (lower bound),Neuro Stepdown,151,3,0.716 (0.457-0.912),0.057 (0.032-0.179),0.000 (0.000-0.000),1.000 (1.000-1.000),0.000 (0.000-0.000),0.020 (0.019-0.020),0.496,0.0107
federated fedadam,eICU_Hospital_165,147,14,0.801 (0.695-0.898),0.373 (0.204-0.624),0.429 (0.143-0.714),0.872 (0.812-0.925),0.324 (0.143-0.500),0.076 (0.059-0.092),0.868,0.0298
local-only (lower bound),eICU_Hospital_165,147,14,0.690 (0.528-0.840),0.287 (0.146-0.522),0.429 (0.214-0.714),0.895 (0.842-0.947),0.353 (0.167-0.533),0.084 (0.069-0.099),0.491,0.0648
federated fedadam,eICU_Hospital_141,141,12,0.859 (0.752-0.938),0.392 (0.233-0.684),0.500 (0.250-0.750),0.922 (0.876-0.961),0.429 (0.214-0.643),0.066 (0.056-0.077),1.232,0.0565
local-only (lower bound),eICU_Hospital_141,141,12,0.689 (0.521-0.844),0.189 (0.116-0.404),0.333 (0.083-0.583),0.922 (0.876-0.961),0.308 (0.083-0.538),0.076 (0.069-0.082),0.822,0.0208
federated fedadam,eICU_Hospital_277,144,9,0.927 (0.870-0.972),0.449 (0.257-0.737),0.667 (0.333-0.889),0.919 (0.867-0.963),0.462 (0.250-0.667),0.048 (0.032-0.067),0.957,0.0513
local-only (lower bound),eICU_Hospital_277,144,9,0.934 (0.865-0.984),0.524 (0.313-0.835),0.667 (0.333-0.889),0.970 (0.941-0.993),0.632 (0.375-0.842),0.043 (0.036-0.051),1.894,0.0340
federated fedadam,eICU_Hospital_217,133,16,0.783 (0.676-0.874),0.287 (0.203-0.513),0.500 (0.250-0.750),0.846 (0.778-0.906),0.381 (0.213-0.545),0.106 (0.083-0.131),0.548,0.0662
local-only (lower bound),eICU_Hospital_217,133,16,0.705 (0.598-0.809),0.261 (0.159-0.445),0.250 (0.062-0.500),0.880 (0.821-0.932),0.235 (0.061-0.414),0.109 (0.092-0.127),0.478,0.0907
federated fedadam,eICU_Hospital_435,135,14,0.684 (0.549-0.802),0.207 (0.130-0.433),0.357 (0.143-0.571),0.818 (0.752-0.884),0.244 (0.093-0.400),0.092 (0.080-0.104),0.543,0.0468
local-only (lower bound),eICU_Hospital_435,135,14,0.606 (0.457-0.747),0.148 (0.107-0.296),0.071 (0.000-0.214),0.876 (0.810-0.934),0.067 (0.000-0.207),0.098 (0.087-0.108),0.397,0.0775
federated fedadam,eICU_Hospital_382,129,7,0.816 (0.567-0.977),0.532 (0.224-0.879),0.571 (0.286-0.857),0.984 (0.959-1.000),0.615 (0.267-0.875),0.039 (0.026-0.050),0.841,0.0151
local-only (lower bound),eICU_Hospital_382,129,7,0.795 (0.659-0.924),0.250 (0.110-0.627),0.143 (0.000-0.429),0.967 (0.934-0.992),0.167 (0.000-0.462),0.048 (0.037-0.058),0.664,0.0319
federated fedadam,eICU_Hospital_390,123,16,0.822 (0.675-0.936),0.600 (0.378-0.802),0.625 (0.375-0.875),0.860 (0.785-0.925),0.488 (0.312-0.651),0.084 (0.058-0.111),0.684,0.0640
local-only (lower bound),eICU_Hospital_390,123,16,0.798 (0.654-0.912),0.583 (0.362-0.787),0.562 (0.312-0.812),0.850 (0.785-0.916),0.439 (0.256-0.605),0.091 (0.068-0.116),0.751,0.0625
federated fedadam,eICU_Hospital_195,128,6,0.817 (0.574-0.974),0.389 (0.132-0.763),0.500 (0.167-0.833),0.893 (0.836-0.943),0.273 (0.083-0.500),0.048 (0.028-0.070),0.639,0.0468
local-only (lower bound),eICU_Hospital_195,128,6,0.600 (0.356-0.814),0.081 (0.048-0.223),0.167 (0.000-0.500),0.844 (0.779-0.910),0.077 (0.000-0.231),0.046 (0.042-0.049),0.410,0.0220
federated fedadam,eICU_Hospital_227,129,12,0.816 (0.707-0.907),0.263 (0.183-0.486),0.417 (0.167-0.667),0.889 (0.838-0.940),0.333 (0.138-0.533),0.082 (0.067-0.098),0.649,0.0460
local-only (lower bound),eICU_Hospital_227,129,12,0.678 (0.541-0.803),0.184 (0.113-0.398),0.083 (0.000-0.250),0.923 (0.872-0.966),0.091 (0.000-0.273),0.087 (0.076-0.097),0.489,0.0448
federated fedadam,eICU_Hospital_79,132,13,0.793 (0.666-0.906),0.469 (0.254-0.722),0.462 (0.231-0.769),0.916 (0.866-0.966),0.414 (0.193-0.640),0.071 (0.053-0.086),1.102,0.0419
local-only (lower bound),eICU_Hospital_79,132,13,0.727 (0.590-0.852),0.222 (0.146-0.439),0.154 (0.000-0.385),0.958 (0.916-0.992),0.200 (0.000-0.435),0.085 (0.079-0.091),1.184,0.0143
federated fedadam,eICU_Hospital_444,123,9,0.896 (0.800-0.969),0.489 (0.262-0.767),0.444 (0.111-0.778),0.930 (0.877-0.974),0.381 (0.111-0.625),0.053 (0.039-0.066),1.126,0.0487
local-only (lower bound),eICU_Hospital_444,123,9,0.668 (0.482-0.848),0.405 (0.177-0.711),0.333 (0.111-0.667),0.982 (0.956-1.000),0.429 (0.125-0.714),0.056 (0.040-0.069),1.026,0.0374
federated fedadam,eICU_Hospital_244,114,7,0.837 (0.689-0.960),0.318 (0.156-0.703),0.429 (0.143-0.718),0.944 (0.897-0.981),0.375 (0.100-0.667),0.050 (0.040-0.059),1.074,0.0223
local-only (lower bound),eICU_Hospital_244,114,7,0.792 (0.633-0.935),0.234 (0.120-0.593),0.286 (0.000-0.571),0.944 (0.897-0.981),0.267 (0.000-0.545),0.054 (0.044-0.063),0.722,0.0262
federated fedadam,eICU_Hospital_272,118,6,0.835 (0.682-0.951),0.331 (0.116-0.684),0.333 (0.000-0.667),0.946 (0.902-0.982),0.286 (0.000-0.588),0.042 (0.029-0.053),0.709,0.0160
local-only (lower bound),eICU_Hospital_272,118,6,0.699 (0.440-0.927),0.330 (0.068-0.700),0.500 (0.167-0.833),0.884 (0.821-0.938),0.273 (0.080-0.500),0.046 (0.035-0.057),0.530,0.0276
federated fedadam,eICU_Hospital_280,113,6,0.864 (0.715-0.989),0.419 (0.181-0.859),0.500 (0.167-0.833),0.963 (0.925-0.991),0.462 (0.154-0.769),0.041 (0.026-0.059),0.848,0.0222
local-only (lower bound),eICU_Hospital_280,113,6,0.882 (0.819-0.939),0.205 (0.157-0.381),0.000 (0.000-0.000),0.925 (0.879-0.972),0.000 (0.000-0.000),0.048 (0.044-0.053),1.097,0.0504
federated fedadam,eICU_Hospital_440,116,11,0.876 (0.740-0.984),0.723 (0.494-0.926),0.636 (0.364-0.909),0.962 (0.924-0.990),0.636 (0.400-0.857),0.049 (0.032-0.067),1.542,0.0456
local-only (lower bound),eICU_Hospital_440,116,11,0.763 (0.600-0.908),0.389 (0.203-0.717),0.455 (0.182-0.727),0.943 (0.895-0.981),0.455 (0.200-0.696),0.076 (0.066-0.087),1.273,0.0478
federated fedadam,eICU_Hospital_307,104,10,0.869 (0.768-0.955),0.440 (0.267-0.775),0.400 (0.100-0.700),0.968 (0.926-1.000),0.471 (0.143-0.737),0.076 (0.069-0.082),2.289,0.0442
local-only (lower bound),eICU_Hospital_307,104,10,0.740 (0.568-0.895),0.375 (0.156-0.646),0.200 (0.000-0.500),0.904 (0.840-0.957),0.190 (0.000-0.400),0.079 (0.066-0.091),0.956,0.0393
federated fedadam,eICU_Hospital_388,103,12,0.842 (0.731-0.940),0.521 (0.313-0.779),0.583 (0.333-0.833),0.879 (0.802-0.945),0.467 (0.267-0.667),0.087 (0.054-0.123),0.420,0.0909
local-only (lower bound),eICU_Hospital_388,103,12,0.737 (0.585-0.870),0.287 (0.177-0.549),0.167 (0.000-0.417),0.956 (0.912-0.989),0.222 (0.000-0.471),0.099 (0.078-0.120),0.438,0.0582
federated fedadam,eICU_Hospital_157,115,14,0.789 (0.626-0.922),0.500 (0.306-0.748),0.429 (0.214-0.714),0.921 (0.871-0.970),0.429 (0.214-0.643),0.090 (0.077-0.102),1.739,0.0387
local-only (lower bound),eICU_Hospital_157,115,14,0.759 (0.598-0.889),0.454 (0.266-0.676),0.357 (0.143-0.643),0.911 (0.851-0.960),0.357 (0.143-0.563),0.093 (0.080-0.106),1.170,0.0311
federated fedadam,eICU_Hospital_318,108,13,0.728 (0.585-0.853),0.232 (0.170-0.411),0.385 (0.154-0.615),0.853 (0.779-0.916),0.312 (0.125-0.514),0.102 (0.092-0.113),0.734,0.0563
local-only (lower bound),eICU_Hospital_318,108,13,0.687 (0.529-0.826),0.213 (0.154-0.372),0.077 (0.000-0.231),0.916 (0.863-0.968),0.091 (0.000-0.267),0.102 (0.094-0.110),0.846,0.0324
federated fedadam,eICU_Hospital_403,101,9,0.849 (0.679-0.967),0.517 (0.281-0.830),0.556 (0.222-0.889),0.935 (0.880-0.978),0.500 (0.235-0.737),0.063 (0.049-0.076),1.232,0.0385
local-only (lower bound),eICU_Hospital_403,101,9,0.813 (0.679-0.925),0.295 (0.184-0.615),0.222 (0.000-0.556),0.946 (0.891-0.989),0.250 (0.000-0.526),0.073 (0.064-0.082),1.280,0.0133
federated fedadam,eICU_Hospital_391,97,13,0.900 (0.831-0.955),0.492 (0.345-0.760),0.846 (0.615-1.000),0.857 (0.774-0.929),0.611 (0.465-0.759),0.090 (0.069-0.116),1.049,0.0832
local-only (lower bound),eICU_Hospital_391,97,13,0.817 (0.707-0.914),0.446 (0.270-0.706),0.385 (0.154-0.692),0.905 (0.833-0.964),0.385 (0.160-0.600),0.100 (0.077-0.124),0.826,0.0486
federated fedadam,eICU_Hospital_171,94,6,0.725 (0.559-0.890),0.288 (0.093-0.625),0.167 (0.000-0.500),0.966 (0.920-1.000),0.200 (0.000-0.545),0.055 (0.041-0.065),0.808,0.0315
local-only (lower bound),eICU_Hospital_171,94,6,0.778 (0.612-0.926),0.186 (0.110-0.441),0.167 (0.000-0.500),0.898 (0.830-0.955),0.125 (0.000-0.364),0.056 (0.051-0.062),1.215,0.0361
federated fedadam,eICU_Hospital_152,95,9,0.916 (0.841-0.973),0.581 (0.350-0.840),0.556 (0.222-0.889),0.942 (0.895-0.988),0.526 (0.250-0.778),0.065 (0.052-0.076),2.329,0.0682
local-only (lower bound),eICU_Hospital_152,95,9,0.815 (0.598-0.961),0.390 (0.226-0.736),0.333 (0.000-0.667),0.942 (0.884-0.988),0.353 (0.000-0.625),0.075 (0.048-0.104),0.605,0.0528
federated fedadam,eICU_Hospital_184,100,11,0.840 (0.691-0.958),0.435 (0.277-0.748),0.727 (0.455-1.000),0.910 (0.843-0.966),0.593 (0.400-0.769),0.082 (0.072-0.093),1.575,0.0908
local-only (lower bound),eICU_Hospital_184,100,11,0.861 (0.754-0.947),0.397 (0.266-0.688),0.455 (0.182-0.727),0.921 (0.865-0.966),0.435 (0.182-0.667),0.084 (0.078-0.091),2.445,0.0517
federated fedadam,eICU_Hospital_226,99,12,0.864 (0.747-0.959),0.643 (0.420-0.869),0.667 (0.417-0.917),0.920 (0.862-0.977),0.593 (0.381-0.783),0.071 (0.048-0.093),1.162,0.0401
local-only (lower bound),eICU_Hospital_226,99,12,0.673 (0.499-0.841),0.445 (0.219-0.697),0.333 (0.083-0.583),0.931 (0.874-0.977),0.364 (0.100-0.615),0.103 (0.100-0.106),4.977,0.0227
federated fedadam,eICU_Hospital_384,88,11,0.776 (0.656-0.881),0.359 (0.203-0.611),0.636 (0.364-0.909),0.727 (0.623-0.818),0.359 (0.210-0.500),0.095 (0.075-0.113),1.023,0.0532
local-only (lower bound),eICU_Hospital_384,88,11,0.674 (0.525-0.812),0.217 (0.150-0.418),0.364 (0.091-0.636),0.818 (0.740-0.896),0.276 (0.077-0.471),0.110 (0.093-0.128),0.610,0.0406
federated fedadam,eICU_Hospital_301,92,5,0.828 (0.662-0.963),0.327 (0.126-0.821),0.400 (0.000-0.800),0.954 (0.908-0.989),0.364 (0.000-0.714),0.045 (0.031-0.058),0.984,0.0109
local-only (lower bound),eICU_Hospital_301,92,5,0.784 (0.630-0.931),0.323 (0.095-0.707),0.200 (0.000-0.600),0.966 (0.920-1.000),0.222 (0.000-0.600),0.048 (0.039-0.054),1.105,0.0082
federated fedadam,eICU_Hospital_181,95,10,0.800 (0.584-0.973),0.595 (0.357-0.853),0.800 (0.500-1.000),0.847 (0.765-0.918),0.516 (0.364-0.692),0.075 (0.059-0.091),1.380,0.0607
local-only (lower bound),eICU_Hospital_181,95,10,0.726 (0.544-0.885),0.287 (0.164-0.596),0.400 (0.100-0.700),0.871 (0.800-0.941),0.320 (0.095-0.545),0.092 (0.064-0.118),0.578,0.0844
federated fedadam,eICU_Hospital_154,86,10,0.720 (0.566-0.871),0.341 (0.168-0.631),0.200 (0.000-0.500),0.947 (0.895-0.987),0.250 (0.000-0.533),0.104 (0.076-0.131),0.324,0.0909
local-only (lower bound),eICU_Hospital_154,86,10,0.624 (0.450-0.783),0.167 (0.123-0.311),0.100 (0.000-0.300),0.855 (0.776-0.934),0.091 (0.000-0.273),0.110 (0.097-0.122),0.354,0.0786
federated fedadam,eICU_Hospital_271,81,5,0.879 (0.774-0.968),0.428 (0.169-0.823),0.400 (0.000-0.800),0.934 (0.868-0.987),0.333 (0.000-0.667),0.046 (0.026-0.061),0.947,0.0429
local-only (lower bound),eICU_Hospital_271,81,5,0.858 (0.697-0.966),0.299 (0.151-0.726),0.000 (0.000-0.000),0.987 (0.947-1.000),0.000 (0.000-0.000),0.054 (0.050-0.058),1.910,0.0154
federated fedadam,eICU_Hospital_63,92,6,0.634 (0.440-0.826),0.111 (0.075-0.270),0.000 (0.000-0.000),0.907 (0.837-0.965),0.000 (0.000-0.000),0.066 (0.059-0.074),0.415,0.0298
local-only (lower bound),eICU_Hospital_63,92,6,0.529 (0.287-0.764),0.108 (0.058-0.379),0.167 (0.000-0.500),0.930 (0.872-0.977),0.154 (0.000-0.444),0.064 (0.053-0.073),0.192,0.0375
federated fedadam,eICU_Hospital_206,83,14,0.670 (0.507-0.826),0.284 (0.204-0.506),0.571 (0.286-0.857),0.710 (0.594-0.812),0.381 (0.222-0.537),0.137 (0.114-0.160),0.440,0.0543
local-only (lower bound),eICU_Hospital_206,83,14,0.585 (0.419-0.742),0.241 (0.166-0.450),0.214 (0.000-0.429),0.826 (0.725-0.913),0.207 (0.000-0.400),0.146 (0.126-0.166),0.336,0.0496
federated fedadam,eICU_Hospital_282,82,4,0.196 (0.058-0.340),0.037 (0.035-0.058),0.000 (0.000-0.000),1.000 (1.000-1.000),0.000 (0.000-0.000),0.047 (0.047-0.048),-8.453,0.0048
local-only (lower bound),eICU_Hospital_282,82,4,0.231 (0.058-0.417),0.038 (0.036-0.065),0.000 (0.000-0.000),0.923 (0.859-0.974),0.000 (0.000-0.000),0.048 (0.047-0.050),-1.261,0.0033
federated fedadam,eICU_Hospital_331,74,3,0.648 (0.225-0.963),0.169 (0.049-0.726),0.000 (0.000-0.000),1.000 (1.000-1.000),0.000 (0.000-0.000),0.038 (0.036-0.041),0.735,0.0058
local-only (lower bound),eICU_Hospital_331,74,3,0.695 (0.268-0.981),0.250 (0.054-0.778),0.333 (0.000-1.000),0.930 (0.873-0.986),0.222 (0.000-0.571),0.037 (0.033-0.041),1.329,0.0047
federated fedadam,eICU_Hospital_256,78,4,0.926 (0.851-0.980),0.311 (0.204-0.729),0.500 (0.000-1.000),0.946 (0.892-0.986),0.400 (0.000-0.750),0.043 (0.035-0.051),1.061,0.0339
local-only (lower bound),eICU_Hospital_256,78,4,0.598 (0.409-0.780),0.077 (0.061-0.174),0.000 (0.000-0.000),0.946 (0.892-0.986),0.000 (0.000-0.000),0.051 (0.049-0.053),0.072,0.0387
federated fedadam,eICU_Hospital_452,77,13,0.716 (0.568-0.845),0.367 (0.221-0.603),0.615 (0.385-0.846),0.609 (0.484-0.719),0.348 (0.213-0.480),0.126 (0.106-0.146),1.048,0.0678
local-only (lower bound),eICU_Hospital_452,77,13,0.703 (0.550-0.845),0.381 (0.224-0.617),0.462 (0.231-0.692),0.828 (0.734-0.922),0.400 (0.187-0.600),0.133 (0.107-0.159),0.776,0.0541
federated fedadam,eICU_Hospital_392,73,11,0.779 (0.633-0.900),0.326 (0.235-0.584),0.727 (0.455-1.000),0.774 (0.661-0.871),0.485 (0.316-0.667),0.129 (0.101-0.162),0.561,0.0708
local-only (lower bound),eICU_Hospital_392,73,11,0.658 (0.509-0.806),0.239 (0.171-0.460),0.091 (0.000-0.273),0.871 (0.774-0.952),0.100 (0.000-0.286),0.123 (0.115-0.131),1.305,0.0332
federated fedadam,eICU_Hospital_66,76,3,0.973 (0.932-1.000),0.478 (0.278-1.000),0.667 (0.000-1.000),0.973 (0.932-1.000),0.571 (0.000-1.000),0.033 (0.025-0.043),1.421,0.0519
local-only (lower bound),eICU_Hospital_66,76,3,0.151 (0.027-0.315),0.030 (0.029-0.053),0.000 (0.000-0.000),0.945 (0.890-0.986),0.000 (0.000-0.000),0.039 (0.038-0.039),-4.785,0.0005
